station,sat_a,sat_b,overlap_start,overlap_end,duration_sec
gilmore,NOAA 21 (JPSS-2),AQUA,2026-08-19T18:26:51.561219+00:00,2026-08-19T18:31:43.164304+00:00,291.6
gilmore,NOAA 21 (JPSS-2),METOP-B,2026-08-19T18:29:52.775364+00:00,2026-08-19T18:31:43.164304+00:00,110.4
gilmore,AQUA,METOP-B,2026-08-19T18:29:52.775364+00:00,2026-08-19T18:34:20.649791+00:00,267.9
gilmore,METOP-B,ARCTIC WEATHER SATELLITE,2026-08-19T18:39:37.016491+00:00,2026-08-19T18:41:58.451773+00:00,141.4
gilmore,METOP-C,SUOMI NPP,2026-08-19T18:57:20.175118+00:00,2026-08-19T19:05:23.134438+00:00,483.0
gilmore,METOP-SGA1,GCOM-W1 (SHIZUKU),2026-08-19T19:49:28.956297+00:00,2026-08-19T19:54:52.382103+00:00,323.4
gilmore,NOAA 21 (JPSS-2),AQUA,2026-08-19T20:02:42.615480+00:00,2026-08-19T20:09:57.213244+00:00,434.6
gilmore,NOAA 21 (JPSS-2),METOP-B,2026-08-19T20:10:06.857166+00:00,2026-08-19T20:11:35.358799+00:00,88.5
gilmore,METOP-B,ARCTIC WEATHER SATELLITE,2026-08-19T20:14:47.355947+00:00,2026-08-19T20:22:58.405064+00:00,491.0
gilmore,METOP-C,SUOMI NPP,2026-08-19T20:35:29.631808+00:00,2026-08-19T20:46:36.687775+00:00,667.1
gilmore,METOP-SGA1,GCOM-W1 (SHIZUKU),2026-08-19T21:25:39.536383+00:00,2026-08-19T21:34:58.204123+00:00,558.7
gilmore,AQUA,NOAA 21 (JPSS-2),2026-08-19T21:39:00.212386+00:00,2026-08-19T21:46:51.346222+00:00,471.1
gilmore,NOAA 21 (JPSS-2),METOP-B,2026-08-19T21:50:20.555507+00:00,2026-08-19T21:51:56.547222+00:00,96.0
gilmore,NOAA 21 (JPSS-2),ARCTIC WEATHER SATELLITE,2026-08-19T21:50:37.282876+00:00,2026-08-19T21:51:56.547222+00:00,79.3
gilmore,METOP-B,ARCTIC WEATHER SATELLITE,2026-08-19T21:50:37.282876+00:00,2026-08-19T22:00:42.147066+00:00,604.9
gilmore,METOP-C,SUOMI NPP,2026-08-19T22:15:02.622303+00:00,2026-08-19T22:25:42.633074+00:00,640.0
gilmore,METOP-SGA1,GCOM-W1 (SHIZUKU),2026-08-19T23:03:41.176740+00:00,2026-08-19T23:13:20.584299+00:00,579.4
gilmore,METOP-SGA1,AQUA,2026-08-19T23:13:18.979842+00:00,2026-08-19T23:13:20.584299+00:00,1.6
gilmore,GCOM-W1 (SHIZUKU),AQUA,2026-08-19T23:13:18.979842+00:00,2026-08-19T23:14:55.630213+00:00,96.7
gilmore,AQUA,NOAA 21 (JPSS-2),2026-08-19T23:20:09.979785+00:00,2026-08-19T23:24:20.931110+00:00,251.0
gilmore,NOAA 21 (JPSS-2),ARCTIC WEATHER SATELLITE,2026-08-19T23:26:32.600120+00:00,2026-08-19T23:32:18.116854+00:00,345.5
gilmore,NOAA 21 (JPSS-2),METOP-B,2026-08-19T23:30:05.214617+00:00,2026-08-19T23:32:18.116854+00:00,132.9
gilmore,ARCTIC WEATHER SATELLITE,METOP-B,2026-08-19T23:30:05.214617+00:00,2026-08-19T23:34:36.679691+00:00,271.5
gilmore,METOP-C,SUOMI NPP,2026-08-19T23:56:52.093168+00:00,2026-08-20T00:03:35.830628+00:00,403.7
gilmore,METOP-SGA1,GCOM-W1 (SHIZUKU),2026-08-20T00:44:29.486641+00:00,2026-08-20T00:51:07.335982+00:00,397.8
gilmore,METOP-SGA1,AQUA,2026-08-20T00:50:39.821386+00:00,2026-08-20T00:51:07.335982+00:00,27.5
gilmore,GCOM-W1 (SHIZUKU),AQUA,2026-08-20T00:50:39.821386+00:00,2026-08-20T00:52:12.364597+00:00,92.5
gilmore,ARCTIC WEATHER SATELLITE,NOAA 21 (JPSS-2),2026-08-20T01:04:32.223228+00:00,2026-08-20T01:07:34.698078+00:00,182.5
gilmore,NOAA 21 (JPSS-2),METOP-B,2026-08-20T01:08:44.489331+00:00,2026-08-20T01:11:53.602608+00:00,189.1
gilmore,AQUA,ARCTIC WEATHER SATELLITE,2026-08-20T02:36:15.106999+00:00,2026-08-20T02:38:57.852123+00:00,162.7
gilmore,METOP-SGA1,ARCTIC WEATHER SATELLITE,2026-08-20T04:09:12.634984+00:00,2026-08-20T04:09:25.615923+00:00,13.0
gilmore,METOP-SGA1,ARCTIC WEATHER SATELLITE,2026-08-20T05:42:53.938390+00:00,2026-08-20T05:49:38.397512+00:00,404.5
gilmore,METOP-SGA1,ARCTIC WEATHER SATELLITE,2026-08-20T07:18:18.122429+00:00,2026-08-20T07:28:38.364046+00:00,620.2
gilmore,ARCTIC WEATHER SATELLITE,NOAA 20 (JPSS-1),2026-08-20T09:00:53.942027+00:00,2026-08-20T09:04:00.141138+00:00,186.2
gilmore,ARCTIC WEATHER SATELLITE,METOP-SGA1,2026-08-20T09:01:40.391141+00:00,2026-08-20T09:04:00.141138+00:00,139.7
gilmore,NOAA 20 (JPSS-1),METOP-SGA1,2026-08-20T09:01:40.391141+00:00,2026-08-20T09:05:27.911050+00:00,227.5
gilmore,NOAA 20 (JPSS-1),GCOM-W1 (SHIZUKU),2026-08-20T10:50:17.752532+00:00,2026-08-20T10:51:13.289306+00:00,55.5
gilmore,NOAA 20 (JPSS-1),GCOM-W1 (SHIZUKU),2026-08-20T12:28:02.724301+00:00,2026-08-20T12:33:00.524134+00:00,297.8
gilmore,GCOM-W1 (SHIZUKU),AQUA,2026-08-20T12:35:12.390649+00:00,2026-08-20T12:39:39.594269+00:00,267.2
gilmore,NOAA 20 (JPSS-1),GCOM-W1 (SHIZUKU),2026-08-20T14:05:58.590559+00:00,2026-08-20T14:12:31.963521+00:00,393.4
gilmore,NOAA 20 (JPSS-1),AQUA,2026-08-20T14:12:27.177870+00:00,2026-08-20T14:12:31.963521+00:00,4.8
gilmore,GCOM-W1 (SHIZUKU),AQUA,2026-08-20T14:12:27.177870+00:00,2026-08-20T14:16:31.196019+00:00,244.0
gilmore,NOAA 20 (JPSS-1),GCOM-W1 (SHIZUKU),2026-08-20T15:43:39.259877+00:00,2026-08-20T15:50:40.719148+00:00,421.5
gilmore,NOAA 20 (JPSS-1),AQUA,2026-08-20T15:50:01.299366+00:00,2026-08-20T15:50:40.719148+00:00,39.4
gilmore,GCOM-W1 (SHIZUKU),AQUA,2026-08-20T15:50:01.299366+00:00,2026-08-20T15:52:01.220582+00:00,119.9
gilmore,NOAA 21 (JPSS-2),METOP-B,2026-08-20T16:30:17.849887+00:00,2026-08-20T16:34:32.516219+00:00,254.7
gilmore,NOAA 20 (JPSS-1),GCOM-W1 (SHIZUKU),2026-08-20T17:20:23.710349+00:00,2026-08-20T17:27:30.073717+00:00,426.4
gilmore,NOAA 20 (JPSS-1),AQUA,2026-08-20T17:27:26.852652+00:00,2026-08-20T17:28:45.805996+00:00,79.0
gilmore,GCOM-W1 (SHIZUKU),AQUA,2026-08-20T17:27:26.852652+00:00,2026-08-20T17:27:30.073717+00:00,3.2
gilmore,NOAA 21 (JPSS-2),METOP-B,2026-08-20T18:09:13.586873+00:00,2026-08-20T18:13:06.184163+00:00,232.6
gilmore,METOP-C,SUOMI NPP,2026-08-20T18:39:00.469637+00:00,2026-08-20T18:44:04.535177+00:00,304.1
gilmore,ARCTIC WEATHER SATELLITE,GCOM-W1 (SHIZUKU),2026-08-20T18:55:51.649346+00:00,2026-08-20T18:57:42.246976+00:00,110.6
gilmore,ARCTIC WEATHER SATELLITE,NOAA 20 (JPSS-1),2026-08-20T18:57:33.765268+00:00,2026-08-20T18:57:42.246976+00:00,8.5
gilmore,GCOM-W1 (SHIZUKU),NOAA 20 (JPSS-1),2026-08-20T18:57:33.765268+00:00,2026-08-20T19:04:16.065761+00:00,402.3
gilmore,GCOM-W1 (SHIZUKU),AQUA,2026-08-20T19:04:07.448548+00:00,2026-08-20T19:04:16.065761+00:00,8.6
gilmore,NOAA 20 (JPSS-1),AQUA,2026-08-20T19:04:07.448548+00:00,2026-08-20T19:07:56.390054+00:00,228.9
gilmore,NOAA 21 (JPSS-2),METOP-B,2026-08-20T19:49:24.072558+00:00,2026-08-20T19:52:48.781606+00:00,204.7
gilmore,METOP-C,SUOMI NPP,2026-08-20T20:17:02.063725+00:00,2026-08-20T20:25:51.086686+00:00,529.0
gilmore,METOP-C,ARCTIC WEATHER SATELLITE,2026-08-20T20:25:25.663126+00:00,2026-08-20T20:25:51.086686+00:00,25.4
gilmore,SUOMI NPP,ARCTIC WEATHER SATELLITE,2026-08-20T20:25:25.663126+00:00,2026-08-20T20:28:51.544488+00:00,205.9
gilmore,ARCTIC WEATHER SATELLITE,GCOM-W1 (SHIZUKU),2026-08-20T20:31:22.638659+00:00,2026-08-20T20:35:43.586027+00:00,260.9
gilmore,GCOM-W1 (SHIZUKU),NOAA 20 (JPSS-1),2026-08-20T20:35:46.620249+00:00,2026-08-20T20:41:57.332260+00:00,370.7
gilmore,GCOM-W1 (SHIZUKU),AQUA,2026-08-20T20:39:28.839603+00:00,2026-08-20T20:41:57.332260+00:00,148.5
gilmore,NOAA 20 (JPSS-1),AQUA,2026-08-20T20:39:28.839603+00:00,2026-08-20T20:47:19.681748+00:00,470.8
gilmore,NOAA 21 (JPSS-2),METOP-B,2026-08-20T21:29:39.948960+00:00,2026-08-20T21:33:07.005330+00:00,207.1
gilmore,METOP-C,SUOMI NPP,2026-08-20T21:56:14.946343+00:00,2026-08-20T22:05:19.502593+00:00,544.6
gilmore,METOP-C,ARCTIC WEATHER SATELLITE,2026-08-20T22:01:17.211572+00:00,2026-08-20T22:05:19.502593+00:00,242.3
gilmore,SUOMI NPP,ARCTIC WEATHER SATELLITE,2026-08-20T22:01:17.211572+00:00,2026-08-20T22:09:13.006174+00:00,475.8
gilmore,SUOMI NPP,GCOM-W1 (SHIZUKU),2026-08-20T22:08:16.322998+00:00,2026-08-20T22:09:13.006174+00:00,56.7
gilmore,ARCTIC WEATHER SATELLITE,GCOM-W1 (SHIZUKU),2026-08-20T22:08:16.322998+00:00,2026-08-20T22:11:13.184159+00:00,176.9
gilmore,GCOM-W1 (SHIZUKU),AQUA,2026-08-20T22:14:32.281932+00:00,2026-08-20T22:19:53.226963+00:00,320.9
gilmore,GCOM-W1 (SHIZUKU),NOAA 20 (JPSS-1),2026-08-20T22:15:26.972040+00:00,2026-08-20T22:19:53.226963+00:00,266.3
gilmore,AQUA,NOAA 20 (JPSS-1),2026-08-20T22:15:26.972040+00:00,2026-08-20T22:24:32.743692+00:00,545.8
gilmore,NOAA 21 (JPSS-2),METOP-B,2026-08-20T23:09:33.563241+00:00,2026-08-20T23:13:30.551978+00:00,237.0
gilmore,METOP-C,ARCTIC WEATHER SATELLITE,2026-08-20T23:37:11.870843+00:00,2026-08-20T23:43:21.902149+00:00,370.0
gilmore,METOP-C,SUOMI NPP,2026-08-20T23:37:34.744306+00:00,2026-08-20T23:43:21.902149+00:00,347.2
gilmore,ARCTIC WEATHER SATELLITE,SUOMI NPP,2026-08-20T23:37:34.744306+00:00,2026-08-20T23:44:58.100179+00:00,443.4
gilmore,SUOMI NPP,GCOM-W1 (SHIZUKU),2026-08-20T23:47:21.161563+00:00,2026-08-20T23:49:32.985994+00:00,131.8
gilmore,GCOM-W1 (SHIZUKU),AQUA,2026-08-20T23:50:44.403269+00:00,2026-08-20T23:57:37.658923+00:00,413.3
gilmore,GCOM-W1 (SHIZUKU),NOAA 20 (JPSS-1),2026-08-20T23:57:27.265779+00:00,2026-08-20T23:57:37.658923+00:00,10.4
gilmore,AQUA,NOAA 20 (JPSS-1),2026-08-20T23:57:27.265779+00:00,2026-08-21T00:02:06.463903+00:00,279.2
gilmore,NOAA 21 (JPSS-2),METOP-B,2026-08-21T00:48:28.329522+00:00,2026-08-21T00:53:23.267693+00:00,294.9
gilmore,METOP-C,ARCTIC WEATHER SATELLITE,2026-08-21T01:12:40.383686+00:00,2026-08-21T01:17:55.473508+00:00,315.1
gilmore,SUOMI NPP,AQUA,2026-08-21T01:28:57.004339+00:00,2026-08-21T01:28:58.665364+00:00,1.7
gilmore,AQUA,GCOM-W1 (SHIZUKU),2026-08-21T01:30:31.128673+00:00,2026-08-21T01:33:36.440120+00:00,185.3
gilmore,ARCTIC WEATHER SATELLITE,METOP-C,2026-08-21T02:50:06.127637+00:00,2026-08-21T02:51:58.994456+00:00,112.9
gilmore,METOP-B,ARCTIC WEATHER SATELLITE,2026-08-21T05:53:24.433461+00:00,2026-08-21T05:56:55.593491+00:00,211.2
gilmore,METOP-B,ARCTIC WEATHER SATELLITE,2026-08-21T07:29:02.562144+00:00,2026-08-21T07:37:02.303899+00:00,479.7
gilmore,ARCTIC WEATHER SATELLITE,METOP-B,2026-08-21T09:12:40.271328+00:00,2026-08-21T09:14:30.806395+00:00,110.5
gilmore,GCOM-W1 (SHIZUKU),SUOMI NPP,2026-08-21T10:02:02.443795+00:00,2026-08-21T10:03:32.188309+00:00,89.7
gilmore,GCOM-W1 (SHIZUKU),AQUA,2026-08-21T11:36:24.080718+00:00,2026-08-21T11:41:43.828611+00:00,319.7
gilmore,GCOM-W1 (SHIZUKU),SUOMI NPP,2026-08-21T11:42:02.424205+00:00,2026-08-21T11:44:16.273087+00:00,133.8
gilmore,GCOM-W1 (SHIZUKU),AQUA,2026-08-21T13:12:44.936749+00:00,2026-08-21T13:22:15.341983+00:00,570.4
gilmore,AQUA,SUOMI NPP,2026-08-21T13:22:26.200746+00:00,2026-08-21T13:23:18.914602+00:00,52.7
gilmore,GCOM-W1 (SHIZUKU),AQUA,2026-08-21T14:50:11.734124+00:00,2026-08-21T14:58:24.228737+00:00,492.5
gilmore,GCOM-W1 (SHIZUKU),AQUA,2026-08-21T16:27:45.571494+00:00,2026-08-21T16:33:41.216155+00:00,355.6
gilmore,NOAA 21 (JPSS-2),METOP-B,2026-08-21T17:48:36.443311+00:00,2026-08-21T17:54:31.835630+00:00,355.4
gilmore,GCOM-W1 (SHIZUKU),AQUA,2026-08-21T18:04:59.427519+00:00,2026-08-21T18:09:39.748147+00:00,280.3
gilmore,AQUA,METOP-C,2026-08-21T18:12:08.977834+00:00,2026-08-21T18:12:52.679267+00:00,43.7
gilmore,METOP-C,SUOMI NPP,2026-08-21T18:20:40.283007+00:00,2026-08-21T18:22:36.974307+00:00,116.7
gilmore,ARCTIC WEATHER SATELLITE,METOP-SGA1,2026-08-21T19:00:40.378176+00:00,2026-08-21T19:08:46.513822+00:00,486.1
gilmore,NOAA 21 (JPSS-2),METOP-B,2026-08-21T19:28:41.486338+00:00,2026-08-21T19:34:03.420661+00:00,321.9
gilmore,METOP-B,GCOM-W1 (SHIZUKU),2026-08-21T19:37:32.507920+00:00,2026-08-21T19:41:33.129870+00:00,240.6
gilmore,METOP-B,AQUA,2026-08-21T19:41:09.891130+00:00,2026-08-21T19:41:33.129870+00:00,23.2
gilmore,GCOM-W1 (SHIZUKU),AQUA,2026-08-21T19:41:09.891130+00:00,2026-08-21T19:46:56.290941+00:00,346.4
gilmore,METOP-C,SUOMI NPP,2026-08-21T19:58:37.090841+00:00,2026-08-21T20:04:59.615944+00:00,382.5
gilmore,ARCTIC WEATHER SATELLITE,METOP-SGA1,2026-08-21T20:40:53.827032+00:00,2026-08-21T20:46:26.868275+00:00,333.0
gilmore,NOAA 21 (JPSS-2),METOP-B,2026-08-21T21:08:58.470881+00:00,2026-08-21T21:14:17.630164+00:00,319.2
gilmore,NOAA 21 (JPSS-2),GCOM-W1 (SHIZUKU),2026-08-21T21:13:32.561771+00:00,2026-08-21T21:14:17.630164+00:00,45.1
gilmore,METOP-B,GCOM-W1 (SHIZUKU),2026-08-21T21:13:32.561771+00:00,2026-08-21T21:21:14.968999+00:00,462.4
gilmore,METOP-B,AQUA,2026-08-21T21:16:12.306147+00:00,2026-08-21T21:21:14.968999+00:00,302.7
gilmore,GCOM-W1 (SHIZUKU),AQUA,2026-08-21T21:16:12.306147+00:00,2026-08-21T21:24:47.534010+00:00,515.2
gilmore,METOP-C,SUOMI NPP,2026-08-21T21:37:31.685689+00:00,2026-08-21T21:44:52.560465+00:00,440.9
gilmore,ARCTIC WEATHER SATELLITE,METOP-SGA1,2026-08-21T22:21:07.512780+00:00,2026-08-21T22:21:42.824839+00:00,35.3
gilmore,NOAA 21 (JPSS-2),METOP-B,2026-08-21T22:48:59.333605+00:00,2026-08-21T22:54:42.164495+00:00,342.8
gilmore,NOAA 21 (JPSS-2),GCOM-W1 (SHIZUKU),2026-08-21T22:51:17.893586+00:00,2026-08-21T22:54:42.164495+00:00,204.3
gilmore,NOAA 21 (JPSS-2),AQUA,2026-08-21T22:51:34.278771+00:00,2026-08-21T22:54:42.164495+00:00,187.9
gilmore,METOP-B,GCOM-W1 (SHIZUKU),2026-08-21T22:51:17.893586+00:00,2026-08-21T22:59:24.098070+00:00,486.2
gilmore,METOP-B,AQUA,2026-08-21T22:51:34.278771+00:00,2026-08-21T22:59:24.098070+00:00,469.8
gilmore,GCOM-W1 (SHIZUKU),AQUA,2026-08-21T22:51:34.278771+00:00,2026-08-21T23:02:16.897776+00:00,642.6
gilmore,METOP-C,SUOMI NPP,2026-08-21T23:18:23.879616+00:00,2026-08-21T23:23:07.546515+00:00,283.7
gilmore,NOAA 20 (JPSS-1),ARCTIC WEATHER SATELLITE,2026-08-21T23:47:50.769329+00:00,2026-08-21T23:49:55.776094+00:00,125.0
gilmore,NOAA 21 (JPSS-2),METOP-B,2026-08-22T00:28:09.080935+00:00,2026-08-22T00:34:46.015575+00:00,396.9
gilmore,NOAA 21 (JPSS-2),AQUA,2026-08-22T00:28:27.571239+00:00,2026-08-22T00:34:46.015575+00:00,378.4
gilmore,NOAA 21 (JPSS-2),GCOM-W1 (SHIZUKU),2026-08-22T00:31:39.826885+00:00,2026-08-22T00:34:46.015575+00:00,186.2
gilmore,METOP-B,AQUA,2026-08-22T00:28:27.571239+00:00,2026-08-22T00:37:14.799238+00:00,527.2
gilmore,METOP-B,GCOM-W1 (SHIZUKU),2026-08-22T00:31:39.826885+00:00,2026-08-22T00:37:14.799238+00:00,335.0
gilmore,AQUA,GCOM-W1 (SHIZUKU),2026-08-22T00:31:39.826885+00:00,2026-08-22T00:39:51.077489+00:00,491.3
gilmore,NOAA 20 (JPSS-1),ARCTIC WEATHER SATELLITE,2026-08-22T01:23:12.702324+00:00,2026-08-22T01:28:17.091540+00:00,304.4
gilmore,METOP-B,AQUA,2026-08-22T02:07:40.592379+00:00,2026-08-22T02:16:05.821182+00:00,505.2
gilmore,METOP-C,ARCTIC WEATHER SATELLITE,2026-08-22T07:39:48.775899+00:00,2026-08-22T07:39:53.339624+00:00,4.6
gilmore,NOAA 21 (JPSS-2),METOP-C,2026-08-22T09:12:22.962872+00:00,2026-08-22T09:14:05.628821+00:00,102.7
gilmore,METOP-C,ARCTIC WEATHER SATELLITE,2026-08-22T09:18:28.264693+00:00,2026-08-22T09:19:14.496910+00:00,46.2
gilmore,GCOM-W1 (SHIZUKU),NOAA 21 (JPSS-2),2026-08-22T10:47:10.300119+00:00,2026-08-22T10:48:02.548156+00:00,52.2
gilmore,AQUA,GCOM-W1 (SHIZUKU),2026-08-22T12:15:47.850033+00:00,2026-08-22T12:21:38.049381+00:00,350.2
gilmore,AQUA,GCOM-W1 (SHIZUKU),2026-08-22T13:53:43.774991+00:00,2026-08-22T14:01:37.271075+00:00,473.5
gilmore,AQUA,GCOM-W1 (SHIZUKU),2026-08-22T15:31:28.095024+00:00,2026-08-22T15:39:00.652979+00:00,452.6
gilmore,METOP-SGA1,AQUA,2026-08-22T17:05:27.012416+00:00,2026-08-22T17:06:02.283558+00:00,35.3
gilmore,AQUA,GCOM-W1 (SHIZUKU),2026-08-22T17:08:22.333935+00:00,2026-08-22T17:14:40.352484+00:00,378.0
gilmore,NOAA 21 (JPSS-2),METOP-B,2026-08-22T17:28:02.363745+00:00,2026-08-22T17:36:00.271352+00:00,477.9
gilmore,METOP-SGA1,AQUA,2026-08-22T18:42:22.350014+00:00,2026-08-22T18:49:38.455273+00:00,436.1
gilmore,METOP-SGA1,GCOM-W1 (SHIZUKU),2026-08-22T18:43:57.056280+00:00,2026-08-22T18:51:28.092055+00:00,451.0
gilmore,AQUA,GCOM-W1 (SHIZUKU),2026-08-22T18:43:57.056280+00:00,2026-08-22T18:49:38.455273+00:00,341.4
gilmore,NOAA 21 (JPSS-2),METOP-B,2026-08-22T19:07:59.272839+00:00,2026-08-22T19:15:19.502718+00:00,440.2
gilmore,NOAA 21 (JPSS-2),ARCTIC WEATHER SATELLITE,2026-08-22T19:11:11.744939+00:00,2026-08-22T19:15:19.502718+00:00,247.8
gilmore,METOP-B,ARCTIC WEATHER SATELLITE,2026-08-22T19:11:11.744939+00:00,2026-08-22T19:19:47.472538+00:00,515.7
gilmore,METOP-C,SUOMI NPP,2026-08-22T19:40:14.271959+00:00,2026-08-22T19:44:01.868391+00:00,227.6
gilmore,AQUA,GCOM-W1 (SHIZUKU),2026-08-22T20:19:22.363226+00:00,2026-08-22T20:25:27.732920+00:00,365.4
gilmore,AQUA,METOP-SGA1,2026-08-22T20:20:07.905807+00:00,2026-08-22T20:25:27.732920+00:00,319.8
gilmore,GCOM-W1 (SHIZUKU),METOP-SGA1,2026-08-22T20:20:07.905807+00:00,2026-08-22T20:29:42.688045+00:00,574.8
gilmore,NOAA 21 (JPSS-2),ARCTIC WEATHER SATELLITE,2026-08-22T20:46:42.954166+00:00,2026-08-22T20:55:28.598107+00:00,525.6
gilmore,NOAA 21 (JPSS-2),METOP-B,2026-08-22T20:48:16.315881+00:00,2026-08-22T20:55:28.598107+00:00,432.3
gilmore,ARCTIC WEATHER SATELLITE,METOP-B,2026-08-22T20:48:16.315881+00:00,2026-08-22T20:57:08.323657+00:00,532.0
gilmore,METOP-C,SUOMI NPP,2026-08-22T21:18:52.585945+00:00,2026-08-22T21:24:21.330893+00:00,328.7
gilmore,AQUA,GCOM-W1 (SHIZUKU),2026-08-22T21:56:02.780889+00:00,2026-08-22T22:02:30.456075+00:00,387.7
gilmore,AQUA,METOP-SGA1,2026-08-22T22:00:23.644371+00:00,2026-08-22T22:02:30.456075+00:00,126.8
gilmore,GCOM-W1 (SHIZUKU),METOP-SGA1,2026-08-22T22:00:23.644371+00:00,2026-08-22T22:07:38.225799+00:00,434.6
gilmore,ARCTIC WEATHER SATELLITE,NOAA 21 (JPSS-2),2026-08-22T22:22:58.252634+00:00,2026-08-22T22:32:11.109824+00:00,552.9
gilmore,ARCTIC WEATHER SATELLITE,METOP-B,2026-08-22T22:28:22.915085+00:00,2026-08-22T22:32:11.109824+00:00,228.2
gilmore,NOAA 21 (JPSS-2),METOP-B,2026-08-22T22:28:22.915085+00:00,2026-08-22T22:35:53.146922+00:00,450.2
gilmore,METOP-C,SUOMI NPP,2026-08-22T22:59:19.033804+00:00,2026-08-22T23:02:51.935768+00:00,212.9
gilmore,NOAA 20 (JPSS-1),AQUA,2026-08-22T23:28:50.073725+00:00,2026-08-22T23:31:10.445163+00:00,140.4
gilmore,AQUA,GCOM-W1 (SHIZUKU),2026-08-22T23:34:48.464499+00:00,2026-08-22T23:40:02.172434+00:00,313.7
gilmore,GCOM-W1 (SHIZUKU),METOP-SGA1,2026-08-22T23:40:17.825940+00:00,2026-08-22T23:45:25.829499+00:00,308.0
gilmore,ARCTIC WEATHER SATELLITE,NOAA 21 (JPSS-2),2026-08-23T00:05:19.163642+00:00,2026-08-23T00:05:38.782526+00:00,19.6
gilmore,NOAA 21 (JPSS-2),METOP-B,2026-08-23T00:07:46.465398+00:00,2026-08-23T00:16:04.747467+00:00,498.3
gilmore,NOAA 20 (JPSS-1),AQUA,2026-08-23T01:06:31.055574+00:00,2026-08-23T01:10:51.060440+00:00,260.0
gilmore,AQUA,GCOM-W1 (SHIZUKU),2026-08-23T01:17:02.373172+00:00,2026-08-23T01:17:33.255121+00:00,30.9
gilmore,GCOM-W1 (SHIZUKU),METOP-SGA1,2026-08-23T01:19:14.102773+00:00,2026-08-23T01:22:02.066537+00:00,168.0
gilmore,METOP-SGA1,ARCTIC WEATHER SATELLITE,2026-08-23T03:07:16.113843+00:00,2026-08-23T03:07:23.822914+00:00,7.7
gilmore,METOP-SGA1,ARCTIC WEATHER SATELLITE,2026-08-23T04:40:18.136915+00:00,2026-08-23T04:47:21.878491+00:00,423.7
gilmore,ARCTIC WEATHER SATELLITE,METOP-SGA1,2026-08-23T06:14:44.283450+00:00,2026-08-23T06:24:45.552045+00:00,601.3
gilmore,ARCTIC WEATHER SATELLITE,METOP-SGA1,2026-08-23T07:56:37.206398+00:00,2026-08-23T08:00:32.131336+00:00,234.9
gilmore,NOAA 21 (JPSS-2),METOP-C,2026-08-23T08:50:19.892640+00:00,2026-08-23T08:53:26.301164+00:00,186.4
gilmore,SUOMI NPP,ARCTIC WEATHER SATELLITE,2026-08-23T09:29:44.389048+00:00,2026-08-23T09:31:49.173163+00:00,124.8
gilmore,METOP-SGA1,GCOM-W1 (SHIZUKU),2026-08-23T09:43:39.762831+00:00,2026-08-23T09:45:55.446786+00:00,135.7
gilmore,METOP-SGA1,NOAA 20 (JPSS-1),2026-08-23T09:43:46.239320+00:00,2026-08-23T09:45:55.446786+00:00,129.2
gilmore,GCOM-W1 (SHIZUKU),NOAA 20 (JPSS-1),2026-08-23T09:43:46.239320+00:00,2026-08-23T09:50:37.587562+00:00,411.3
gilmore,SUOMI NPP,AQUA,2026-08-23T11:16:09.259264+00:00,2026-08-23T11:16:28.342565+00:00,19.1
gilmore,GCOM-W1 (SHIZUKU),NOAA 20 (JPSS-1),2026-08-23T11:23:38.855176+00:00,2026-08-23T11:31:50.775421+00:00,491.9
gilmore,SUOMI NPP,AQUA,2026-08-23T12:50:47.001592+00:00,2026-08-23T12:57:46.632428+00:00,419.6
gilmore,AQUA,GCOM-W1 (SHIZUKU),2026-08-23T12:58:38.061117+00:00,2026-08-23T13:00:42.722038+00:00,124.7
gilmore,GCOM-W1 (SHIZUKU),NOAA 20 (JPSS-1),2026-08-23T13:04:02.069820+00:00,2026-08-23T13:10:06.754988+00:00,364.7
gilmore,SUOMI NPP,AQUA,2026-08-23T14:28:07.672668+00:00,2026-08-23T14:36:58.510183+00:00,530.8
gilmore,SUOMI NPP,GCOM-W1 (SHIZUKU),2026-08-23T14:36:32.173251+00:00,2026-08-23T14:36:58.510183+00:00,26.3
gilmore,AQUA,GCOM-W1 (SHIZUKU),2026-08-23T14:36:32.173251+00:00,2026-08-23T14:39:33.182931+00:00,181.0
gilmore,GCOM-W1 (SHIZUKU),NOAA 20 (JPSS-1),2026-08-23T14:44:19.700427+00:00,2026-08-23T14:46:26.877690+00:00,127.2
gilmore,SUOMI NPP,AQUA,2026-08-23T16:05:42.074669+00:00,2026-08-23T16:14:59.855671+00:00,557.8
gilmore,SUOMI NPP,GCOM-W1 (SHIZUKU),2026-08-23T16:14:00.775525+00:00,2026-08-23T16:14:59.855671+00:00,59.1
gilmore,AQUA,GCOM-W1 (SHIZUKU),2026-08-23T16:14:00.775525+00:00,2026-08-23T16:16:11.185439+00:00,130.4
gilmore,METOP-B,NOAA 21 (JPSS-2),2026-08-23T17:08:19.218161+00:00,2026-08-23T17:16:15.993446+00:00,476.8
gilmore,AQUA,SUOMI NPP,2026-08-23T17:43:55.901160+00:00,2026-08-23T17:51:25.264242+00:00,449.4
gilmore,AQUA,GCOM-W1 (SHIZUKU),2026-08-23T17:50:18.831330+00:00,2026-08-23T17:51:25.264242+00:00,66.4
gilmore,SUOMI NPP,GCOM-W1 (SHIZUKU),2026-08-23T17:50:18.831330+00:00,2026-08-23T17:53:13.991675+00:00,175.2
gilmore,NOAA 21 (JPSS-2),METOP-B,2026-08-23T18:47:17.747165+00:00,2026-08-23T18:56:37.325059+00:00,559.6
gilmore,METOP-C,AQUA,2026-08-23T19:19:32.635845+00:00,2026-08-23T19:22:57.358895+00:00,204.7
gilmore,METOP-C,ARCTIC WEATHER SATELLITE,2026-08-23T19:21:46.020638+00:00,2026-08-23T19:22:57.358895+00:00,71.3
gilmore,METOP-C,SUOMI NPP,2026-08-23T19:21:53.044458+00:00,2026-08-23T19:22:57.358895+00:00,64.3
gilmore,AQUA,ARCTIC WEATHER SATELLITE,2026-08-23T19:21:46.020638+00:00,2026-08-23T19:26:32.719706+00:00,286.7
gilmore,AQUA,SUOMI NPP,2026-08-23T19:21:53.044458+00:00,2026-08-23T19:26:32.719706+00:00,279.7
gilmore,AQUA,GCOM-W1 (SHIZUKU),2026-08-23T19:25:36.635923+00:00,2026-08-23T19:26:32.719706+00:00,56.1
gilmore,ARCTIC WEATHER SATELLITE,SUOMI NPP,2026-08-23T19:21:53.044458+00:00,2026-08-23T19:30:45.473837+00:00,532.4
gilmore,ARCTIC WEATHER SATELLITE,GCOM-W1 (SHIZUKU),2026-08-23T19:25:36.635923+00:00,2026-08-23T19:30:45.473837+00:00,308.8
gilmore,SUOMI NPP,GCOM-W1 (SHIZUKU),2026-08-23T19:25:36.635923+00:00,2026-08-23T19:32:37.262529+00:00,420.6
gilmore,NOAA 21 (JPSS-2),METOP-B,2026-08-23T20:27:33.706568+00:00,2026-08-23T20:36:40.065383+00:00,546.4
gilmore,METOP-C,AQUA,2026-08-23T20:54:44.680099+00:00,2026-08-23T21:02:54.336948+00:00,489.7
gilmore,METOP-C,ARCTIC WEATHER SATELLITE,2026-08-23T20:57:21.879287+00:00,2026-08-23T21:03:45.375376+00:00,383.5
gilmore,METOP-C,SUOMI NPP,2026-08-23T21:00:17.337035+00:00,2026-08-23T21:03:45.375376+00:00,208.0
gilmore,METOP-C,GCOM-W1 (SHIZUKU),2026-08-23T21:01:27.075342+00:00,2026-08-23T21:03:45.375376+00:00,138.3
gilmore,AQUA,ARCTIC WEATHER SATELLITE,2026-08-23T20:57:21.879287+00:00,2026-08-23T21:02:54.336948+00:00,332.5
gilmore,AQUA,SUOMI NPP,2026-08-23T21:00:17.337035+00:00,2026-08-23T21:02:54.336948+00:00,157.0
gilmore,AQUA,GCOM-W1 (SHIZUKU),2026-08-23T21:01:27.075342+00:00,2026-08-23T21:02:54.336948+00:00,87.3
gilmore,ARCTIC WEATHER SATELLITE,SUOMI NPP,2026-08-23T21:00:17.337035+00:00,2026-08-23T21:07:48.017230+00:00,450.7
gilmore,ARCTIC WEATHER SATELLITE,GCOM-W1 (SHIZUKU),2026-08-23T21:01:27.075342+00:00,2026-08-23T21:07:48.017230+00:00,380.9
gilmore,SUOMI NPP,GCOM-W1 (SHIZUKU),2026-08-23T21:01:27.075342+00:00,2026-08-23T21:12:32.298649+00:00,665.2
gilmore,NOAA 21 (JPSS-2),METOP-B,2026-08-23T22:07:44.682212+00:00,2026-08-23T22:17:03.764192+00:00,559.1
gilmore,AQUA,METOP-C,2026-08-23T22:31:07.661405+00:00,2026-08-23T22:40:12.982769+00:00,545.3
gilmore,AQUA,ARCTIC WEATHER SATELLITE,2026-08-23T22:33:16.666741+00:00,2026-08-23T22:40:12.982769+00:00,416.3
gilmore,AQUA,GCOM-W1 (SHIZUKU),2026-08-23T22:38:56.808931+00:00,2026-08-23T22:40:12.982769+00:00,76.2
gilmore,METOP-C,ARCTIC WEATHER SATELLITE,2026-08-23T22:33:16.666741+00:00,2026-08-23T22:42:34.249393+00:00,557.6
gilmore,METOP-C,GCOM-W1 (SHIZUKU),2026-08-23T22:38:56.808931+00:00,2026-08-23T22:42:34.249393+00:00,217.4
gilmore,METOP-C,SUOMI NPP,2026-08-23T22:40:19.711801+00:00,2026-08-23T22:42:34.249393+00:00,134.5
gilmore,ARCTIC WEATHER SATELLITE,GCOM-W1 (SHIZUKU),2026-08-23T22:38:56.808931+00:00,2026-08-23T22:42:38.082967+00:00,221.3
gilmore,ARCTIC WEATHER SATELLITE,SUOMI NPP,2026-08-23T22:40:19.711801+00:00,2026-08-23T22:42:38.082967+00:00,138.4
gilmore,GCOM-W1 (SHIZUKU),SUOMI NPP,2026-08-23T22:40:19.711801+00:00,2026-08-23T22:50:27.518844+00:00,607.8
gilmore,NOAA 21 (JPSS-2),METOP-B,2026-08-23T23:47:20.438212+00:00,2026-08-23T23:56:46.039650+00:00,565.6
gilmore,AQUA,ARCTIC WEATHER SATELLITE,2026-08-24T00:09:07.278116+00:00,2026-08-24T00:15:58.258023+00:00,411.0
gilmore,AQUA,METOP-C,2026-08-24T00:10:48.117682+00:00,2026-08-24T00:17:47.283785+00:00,419.2
gilmore,ARCTIC WEATHER SATELLITE,METOP-C,2026-08-24T00:10:48.117682+00:00,2026-08-24T00:15:58.258023+00:00,310.1
gilmore,METOP-C,GCOM-W1 (SHIZUKU),2026-08-24T00:18:54.700196+00:00,2026-08-24T00:20:22.606378+00:00,87.9
gilmore,GCOM-W1 (SHIZUKU),SUOMI NPP,2026-08-24T00:22:52.710251+00:00,2026-08-24T00:28:00.250043+00:00,307.5
gilmore,METOP-B,NOAA 21 (JPSS-2),2026-08-24T01:31:42.616637+00:00,2026-08-24T01:35:06.724080+00:00,204.1
gilmore,ARCTIC WEATHER SATELLITE,AQUA,2026-08-24T01:44:58.077581+00:00,2026-08-24T01:49:03.686669+00:00,245.6
gilmore,AQUA,METOP-C,2026-08-24T01:49:21.303794+00:00,2026-08-24T01:55:10.722699+00:00,349.4
gilmore,METOP-C,AQUA,2026-08-24T03:27:27.855409+00:00,2026-08-24T03:30:56.779563+00:00,208.9
gilmore,METOP-B,ARCTIC WEATHER SATELLITE,2026-08-24T04:50:41.529148+00:00,2026-08-24T04:54:47.233428+00:00,245.7
gilmore,METOP-B,ARCTIC WEATHER SATELLITE,2026-08-24T06:25:03.736296+00:00,2026-08-24T06:35:03.800311+00:00,600.1
gilmore,ARCTIC WEATHER SATELLITE,METOP-B,2026-08-24T08:05:38.662282+00:00,2026-08-24T08:11:08.943130+00:00,330.3
gilmore,METOP-SGA1,NOAA 20 (JPSS-1),2026-08-24T09:25:16.969778+00:00,2026-08-24T09:26:14.673509+00:00,57.7
gilmore,NOAA 21 (JPSS-2),AQUA,2026-08-24T11:51:39.632260+00:00,2026-08-24T11:58:25.664336+00:00,406.0
gilmore,AQUA,NOAA 21 (JPSS-2),2026-08-24T13:30:15.857744+00:00,2026-08-24T13:39:16.119026+00:00,540.3
gilmore,NOAA 21 (JPSS-2),GCOM-W1 (SHIZUKU),2026-08-24T13:41:28.638685+00:00,2026-08-24T13:42:45.523925+00:00,76.9
gilmore,AQUA,NOAA 21 (JPSS-2),2026-08-24T15:10:26.561894+00:00,2026-08-24T15:17:09.602879+00:00,403.0
gilmore,NOAA 21 (JPSS-2),GCOM-W1 (SHIZUKU),2026-08-24T15:19:15.981674+00:00,2026-08-24T15:21:08.483860+00:00,112.5
gilmore,AQUA,METOP-B,2026-08-24T16:47:12.222458+00:00,2026-08-24T16:53:08.801815+00:00,356.6
gilmore,AQUA,NOAA 21 (JPSS-2),2026-08-24T16:49:49.516193+00:00,2026-08-24T16:53:08.801815+00:00,199.3
gilmore,METOP-B,NOAA 21 (JPSS-2),2026-08-24T16:49:49.516193+00:00,2026-08-24T16:54:19.109622+00:00,269.6
gilmore,NOAA 21 (JPSS-2),GCOM-W1 (SHIZUKU),2026-08-24T16:56:19.328161+00:00,2026-08-24T16:59:05.196382+00:00,165.9
gilmore,ARCTIC WEATHER SATELLITE,METOP-SGA1,2026-08-24T17:58:41.523313+00:00,2026-08-24T18:00:47.309313+00:00,125.8
gilmore,AQUA,METOP-B,2026-08-24T18:26:37.256971+00:00,2026-08-24T18:28:08.689628+00:00,91.4
gilmore,AQUA,NOAA 21 (JPSS-2),2026-08-24T18:28:02.850029+00:00,2026-08-24T18:28:08.689628+00:00,5.8
gilmore,METOP-B,NOAA 21 (JPSS-2),2026-08-24T18:28:02.850029+00:00,2026-08-24T18:37:57.173621+00:00,594.3
gilmore,METOP-B,GCOM-W1 (SHIZUKU),2026-08-24T18:32:02.165891+00:00,2026-08-24T18:38:38.527611+00:00,396.4
gilmore,NOAA 21 (JPSS-2),GCOM-W1 (SHIZUKU),2026-08-24T18:32:02.165891+00:00,2026-08-24T18:37:57.173621+00:00,355.0
gilmore,NOAA 20 (JPSS-1),ARCTIC WEATHER SATELLITE,2026-08-24T19:32:21.157728+00:00,2026-08-24T19:33:00.196864+00:00,39.0
gilmore,ARCTIC WEATHER SATELLITE,METOP-SGA1,2026-08-24T19:38:36.859009+00:00,2026-08-24T19:41:40.783178+00:00,183.9
gilmore,NOAA 21 (JPSS-2),METOP-B,2026-08-24T20:06:50.907596+00:00,2026-08-24T20:17:52.236859+00:00,661.3
gilmore,NOAA 21 (JPSS-2),GCOM-W1 (SHIZUKU),2026-08-24T20:07:23.126089+00:00,2026-08-24T20:17:28.157529+00:00,605.0
gilmore,METOP-B,GCOM-W1 (SHIZUKU),2026-08-24T20:07:23.126089+00:00,2026-08-24T20:17:28.157529+00:00,605.0
gilmore,METOP-C,SUOMI NPP,2026-08-24T20:41:45.572235+00:00,2026-08-24T20:43:04.291341+00:00,78.7
gilmore,NOAA 20 (JPSS-1),ARCTIC WEATHER SATELLITE,2026-08-24T21:08:00.889621+00:00,2026-08-24T21:13:12.557413+00:00,311.7
gilmore,METOP-SGA1,AQUA,2026-08-24T21:31:28.621273+00:00,2026-08-24T21:31:28.727931+00:00,0.1
gilmore,GCOM-W1 (SHIZUKU),NOAA 21 (JPSS-2),2026-08-24T21:45:16.354623+00:00,2026-08-24T21:55:22.930814+00:00,606.6
gilmore,GCOM-W1 (SHIZUKU),METOP-B,2026-08-24T21:47:05.024442+00:00,2026-08-24T21:55:22.930814+00:00,497.9
gilmore,NOAA 21 (JPSS-2),METOP-B,2026-08-24T21:47:05.024442+00:00,2026-08-24T21:58:14.188867+00:00,669.2
gilmore,METOP-C,SUOMI NPP,2026-08-24T22:21:25.572308+00:00,2026-08-24T22:22:13.824389+00:00,48.3
gilmore,NOAA 20 (JPSS-1),ARCTIC WEATHER SATELLITE,2026-08-24T22:43:56.278319+00:00,2026-08-24T22:53:03.834472+00:00,547.6
gilmore,METOP-SGA1,AQUA,2026-08-24T23:07:01.243206+00:00,2026-08-24T23:09:53.740118+00:00,172.5
gilmore,GCOM-W1 (SHIZUKU),NOAA 21 (JPSS-2),2026-08-24T23:26:35.587309+00:00,2026-08-24T23:33:13.070891+00:00,397.5
gilmore,GCOM-W1 (SHIZUKU),METOP-B,2026-08-24T23:26:51.189397+00:00,2026-08-24T23:33:13.070891+00:00,381.9
gilmore,NOAA 21 (JPSS-2),METOP-B,2026-08-24T23:26:51.189397+00:00,2026-08-24T23:36:34.457004+00:00,583.3
gilmore,ARCTIC WEATHER SATELLITE,NOAA 20 (JPSS-1),2026-08-25T00:23:33.291001+00:00,2026-08-25T00:26:17.392303+00:00,164.1
gilmore,METOP-SGA1,AQUA,2026-08-25T00:44:13.079689+00:00,2026-08-25T00:47:40.185345+00:00,207.1
gilmore,GCOM-W1 (SHIZUKU),METOP-B,2026-08-25T01:05:32.850298+00:00,2026-08-25T01:10:10.161205+00:00,277.3
gilmore,METOP-B,NOAA 21 (JPSS-2),2026-08-25T01:11:15.905689+00:00,2026-08-25T01:14:41.956915+00:00,206.1
gilmore,METOP-SGA1,AQUA,2026-08-25T02:23:54.158292+00:00,2026-08-25T02:26:13.572502+00:00,139.4
gilmore,METOP-C,ARCTIC WEATHER SATELLITE,2026-08-25T06:35:39.598789+00:00,2026-08-25T06:37:39.525799+00:00,119.9
gilmore,METOP-C,ARCTIC WEATHER SATELLITE,2026-08-25T08:12:19.082118+00:00,2026-08-25T08:17:43.444551+00:00,324.4
gilmore,NOAA 21 (JPSS-2),ARCTIC WEATHER SATELLITE,2026-08-25T09:52:47.915078+00:00,2026-08-25T09:55:44.869741+00:00,177.0
gilmore,NOAA 20 (JPSS-1),AQUA,2026-08-25T12:28:52.339039+00:00,2026-08-25T12:37:55.362808+00:00,543.0
gilmore,AQUA,NOAA 20 (JPSS-1),2026-08-25T14:06:48.405819+00:00,2026-08-25T14:17:24.742741+00:00,636.3
gilmore,AQUA,NOAA 20 (JPSS-1),2026-08-25T15:46:47.909387+00:00,2026-08-25T15:54:28.937986+00:00,461.0
gilmore,METOP-B,NOAA 21 (JPSS-2),2026-08-25T16:31:17.031542+00:00,2026-08-25T16:31:55.881019+00:00,38.8
gilmore,AQUA,NOAA 20 (JPSS-1),2026-08-25T17:25:48.292012+00:00,2026-08-25T17:29:57.007420+00:00,248.7
gilmore,METOP-SGA1,GCOM-W1 (SHIZUKU),2026-08-25T17:38:20.537217+00:00,2026-08-25T17:45:30.455143+00:00,429.9
gilmore,METOP-B,ARCTIC WEATHER SATELLITE,2026-08-25T18:08:34.195374+00:00,2026-08-25T18:12:38.184274+00:00,244.0
gilmore,METOP-B,NOAA 21 (JPSS-2),2026-08-25T18:09:41.698730+00:00,2026-08-25T18:17:25.764167+00:00,464.1
gilmore,ARCTIC WEATHER SATELLITE,NOAA 21 (JPSS-2),2026-08-25T18:09:41.698730+00:00,2026-08-25T18:12:38.184274+00:00,176.5
gilmore,AQUA,NOAA 20 (JPSS-1),2026-08-25T19:03:48.376513+00:00,2026-08-25T19:04:56.997746+00:00,68.6
gilmore,NOAA 20 (JPSS-1),GCOM-W1 (SHIZUKU),2026-08-25T19:13:41.179735+00:00,2026-08-25T19:14:18.165493+00:00,37.0
gilmore,GCOM-W1 (SHIZUKU),METOP-SGA1,2026-08-25T19:17:52.290101+00:00,2026-08-25T19:22:30.659784+00:00,278.4
gilmore,ARCTIC WEATHER SATELLITE,METOP-B,2026-08-25T19:46:08.077885+00:00,2026-08-25T19:52:33.629204+00:00,385.6
gilmore,ARCTIC WEATHER SATELLITE,NOAA 21 (JPSS-2),2026-08-25T19:47:38.020508+00:00,2026-08-25T19:52:33.629204+00:00,295.6
gilmore,METOP-B,NOAA 21 (JPSS-2),2026-08-25T19:47:38.020508+00:00,2026-08-25T19:59:02.419290+00:00,684.4
gilmore,SUOMI NPP,AQUA,2026-08-25T20:33:16.721243+00:00,2026-08-25T20:35:12.817616+00:00,116.1
gilmore,NOAA 20 (JPSS-1),GCOM-W1 (SHIZUKU),2026-08-25T20:49:22.999325+00:00,2026-08-25T20:54:25.026736+00:00,302.0
gilmore,GCOM-W1 (SHIZUKU),METOP-SGA1,2026-08-25T20:58:07.747716+00:00,2026-08-25T21:00:16.983426+00:00,129.2
gilmore,ARCTIC WEATHER SATELLITE,METOP-B,2026-08-25T21:26:24.209728+00:00,2026-08-25T21:29:02.296780+00:00,158.1
gilmore,ARCTIC WEATHER SATELLITE,NOAA 21 (JPSS-2),2026-08-25T21:26:32.179026+00:00,2026-08-25T21:29:02.296780+00:00,150.1
gilmore,METOP-B,NOAA 21 (JPSS-2),2026-08-25T21:26:32.179026+00:00,2026-08-25T21:38:24.162773+00:00,712.0
gilmore,SUOMI NPP,AQUA,2026-08-25T22:08:18.059098+00:00,2026-08-25T22:15:34.949064+00:00,436.9
gilmore,NOAA 20 (JPSS-1),GCOM-W1 (SHIZUKU),2026-08-25T22:26:37.780471+00:00,2026-08-25T22:34:49.020132+00:00,491.2
gilmore,METOP-B,NOAA 21 (JPSS-2),2026-08-25T23:07:23.920412+00:00,2026-08-25T23:16:23.650174+00:00,539.7
gilmore,SUOMI NPP,AQUA,2026-08-25T23:44:23.179105+00:00,2026-08-25T23:55:42.701390+00:00,679.5
gilmore,NOAA 20 (JPSS-1),GCOM-W1 (SHIZUKU),2026-08-26T00:06:13.412030+00:00,2026-08-26T00:15:01.861025+00:00,528.4
gilmore,METOP-B,NOAA 21 (JPSS-2),2026-08-26T00:51:14.328742+00:00,2026-08-26T00:54:20.605825+00:00,186.3
gilmore,AQUA,SUOMI NPP,2026-08-26T01:29:07.742160+00:00,2026-08-26T01:33:11.313078+00:00,243.6
gilmore,METOP-SGA1,ARCTIC WEATHER SATELLITE,2026-08-26T02:05:06.050470+00:00,2026-08-26T02:05:42.887486+00:00,36.8
gilmore,METOP-SGA1,ARCTIC WEATHER SATELLITE,2026-08-26T03:38:13.302240+00:00,2026-08-26T03:44:58.142531+00:00,404.8
gilmore,ARCTIC WEATHER SATELLITE,METOP-SGA1,2026-08-26T05:12:40.928389+00:00,2026-08-26T05:20:48.087525+00:00,487.2
gilmore,ARCTIC WEATHER SATELLITE,METOP-SGA1,2026-08-26T06:53:00.877591+00:00,2026-08-26T06:56:43.118993+00:00,222.2
gilmore,METOP-C,NOAA 21 (JPSS-2),2026-08-26T09:32:25.265343+00:00,2026-08-26T09:35:52.458144+00:00,207.2
gilmore,SUOMI NPP,GCOM-W1 (SHIZUKU),2026-08-26T10:13:47.931016+00:00,2026-08-26T10:18:14.339026+00:00,266.4
gilmore,SUOMI NPP,GCOM-W1 (SHIZUKU),2026-08-26T11:51:18.267177+00:00,2026-08-26T12:01:09.491329+00:00,591.2
gilmore,SUOMI NPP,GCOM-W1 (SHIZUKU),2026-08-26T13:29:13.208395+00:00,2026-08-26T13:40:22.195634+00:00,669.0
gilmore,NOAA 21 (JPSS-2),AQUA,2026-08-26T14:43:47.753910+00:00,2026-08-26T14:44:22.986066+00:00,35.2
gilmore,GCOM-W1 (SHIZUKU),SUOMI NPP,2026-08-26T15:09:01.537129+00:00,2026-08-26T15:16:15.841432+00:00,434.3
gilmore,NOAA 21 (JPSS-2),AQUA,2026-08-26T16:21:21.870296+00:00,2026-08-26T16:22:18.941722+00:00,57.1
gilmore,GCOM-W1 (SHIZUKU),SUOMI NPP,2026-08-26T16:48:32.202954+00:00,2026-08-26T16:51:33.012474+00:00,180.8
uaf5,NOAA 21 (JPSS-2),AQUA,2026-08-19T18:26:55.637841+00:00,2026-08-19T18:31:42.437010+00:00,286.8
uaf5,NOAA 21 (JPSS-2),METOP-B,2026-08-19T18:29:55.733867+00:00,2026-08-19T18:31:42.437010+00:00,106.7
uaf5,AQUA,METOP-B,2026-08-19T18:29:55.733867+00:00,2026-08-19T18:34:21.665516+00:00,265.9
uaf5,METOP-B,ARCTIC WEATHER SATELLITE,2026-08-19T18:39:41.412967+00:00,2026-08-19T18:41:59.917949+00:00,138.5
uaf5,METOP-C,SUOMI NPP,2026-08-19T18:57:23.380492+00:00,2026-08-19T19:05:24.380096+00:00,481.0
uaf5,METOP-SGA1,GCOM-W1 (SHIZUKU),2026-08-19T19:49:31.274812+00:00,2026-08-19T19:54:54.604339+00:00,323.3
uaf5,NOAA 21 (JPSS-2),AQUA,2026-08-19T20:02:47.107912+00:00,2026-08-19T20:09:56.255172+00:00,429.1
uaf5,NOAA 21 (JPSS-2),METOP-B,2026-08-19T20:10:09.507524+00:00,2026-08-19T20:11:34.260877+00:00,84.8
uaf5,METOP-B,ARCTIC WEATHER SATELLITE,2026-08-19T20:14:49.992424+00:00,2026-08-19T20:23:01.294366+00:00,491.3
uaf5,METOP-C,SUOMI NPP,2026-08-19T20:35:30.686881+00:00,2026-08-19T20:46:39.516124+00:00,668.8
uaf5,METOP-SGA1,GCOM-W1 (SHIZUKU),2026-08-19T21:25:39.415281+00:00,2026-08-19T21:35:01.270773+00:00,561.9
uaf5,AQUA,NOAA 21 (JPSS-2),2026-08-19T21:38:59.514261+00:00,2026-08-19T21:46:50.014103+00:00,470.5
uaf5,NOAA 21 (JPSS-2),METOP-B,2026-08-19T21:50:23.495664+00:00,2026-08-19T21:51:55.457105+00:00,92.0
uaf5,NOAA 21 (JPSS-2),ARCTIC WEATHER SATELLITE,2026-08-19T21:50:39.761358+00:00,2026-08-19T21:51:55.457105+00:00,75.7
uaf5,METOP-B,ARCTIC WEATHER SATELLITE,2026-08-19T21:50:39.761358+00:00,2026-08-19T22:00:45.122709+00:00,605.4
uaf5,METOP-C,SUOMI NPP,2026-08-19T22:15:01.350131+00:00,2026-08-19T22:25:45.635311+00:00,644.3
uaf5,METOP-SGA1,GCOM-W1 (SHIZUKU),2026-08-19T23:03:38.832798+00:00,2026-08-19T23:13:23.198005+00:00,584.4
uaf5,METOP-SGA1,AQUA,2026-08-19T23:13:19.239507+00:00,2026-08-19T23:13:23.198005+00:00,4.0
uaf5,GCOM-W1 (SHIZUKU),AQUA,2026-08-19T23:13:19.239507+00:00,2026-08-19T23:14:54.589221+00:00,95.3
uaf5,AQUA,NOAA 21 (JPSS-2),2026-08-19T23:20:07.093179+00:00,2026-08-19T23:24:19.753848+00:00,252.7
uaf5,NOAA 21 (JPSS-2),ARCTIC WEATHER SATELLITE,2026-08-19T23:26:35.599983+00:00,2026-08-19T23:32:17.020420+00:00,341.4
uaf5,NOAA 21 (JPSS-2),METOP-B,2026-08-19T23:30:08.970743+00:00,2026-08-19T23:32:17.020420+00:00,128.0
uaf5,ARCTIC WEATHER SATELLITE,METOP-B,2026-08-19T23:30:08.970743+00:00,2026-08-19T23:34:39.308524+00:00,270.3
uaf5,METOP-C,SUOMI NPP,2026-08-19T23:56:48.687916+00:00,2026-08-20T00:03:37.644136+00:00,409.0
uaf5,METOP-SGA1,GCOM-W1 (SHIZUKU),2026-08-20T00:44:24.939050+00:00,2026-08-20T00:51:08.186309+00:00,403.2
uaf5,METOP-SGA1,AQUA,2026-08-20T00:50:37.811097+00:00,2026-08-20T00:51:08.186309+00:00,30.4
uaf5,GCOM-W1 (SHIZUKU),AQUA,2026-08-20T00:50:37.811097+00:00,2026-08-20T00:52:11.661845+00:00,93.9
uaf5,ARCTIC WEATHER SATELLITE,NOAA 21 (JPSS-2),2026-08-20T01:04:27.127701+00:00,2026-08-20T01:07:35.032817+00:00,187.9
uaf5,NOAA 21 (JPSS-2),METOP-B,2026-08-20T01:08:48.589610+00:00,2026-08-20T01:11:52.791910+00:00,184.2
uaf5,AQUA,ARCTIC WEATHER SATELLITE,2026-08-20T02:36:20.755167+00:00,2026-08-20T02:38:57.139594+00:00,156.4
uaf5,METOP-SGA1,ARCTIC WEATHER SATELLITE,2026-08-20T04:09:15.805878+00:00,2026-08-20T04:09:24.522386+00:00,8.7
uaf5,METOP-SGA1,ARCTIC WEATHER SATELLITE,2026-08-20T05:42:54.429395+00:00,2026-08-20T05:49:37.306872+00:00,402.9
uaf5,METOP-SGA1,ARCTIC WEATHER SATELLITE,2026-08-20T07:18:16.302161+00:00,2026-08-20T07:28:37.294890+00:00,621.0
uaf5,ARCTIC WEATHER SATELLITE,NOAA 20 (JPSS-1),2026-08-20T09:01:03.440105+00:00,2026-08-20T09:03:59.437863+00:00,176.0
uaf5,ARCTIC WEATHER SATELLITE,METOP-SGA1,2026-08-20T09:01:35.470991+00:00,2026-08-20T09:03:59.437863+00:00,144.0
uaf5,NOAA 20 (JPSS-1),METOP-SGA1,2026-08-20T09:01:35.470991+00:00,2026-08-20T09:05:20.253518+00:00,224.8
uaf5,NOAA 20 (JPSS-1),GCOM-W1 (SHIZUKU),2026-08-20T10:50:20.874261+00:00,2026-08-20T10:51:14.147438+00:00,53.3
uaf5,NOAA 20 (JPSS-1),GCOM-W1 (SHIZUKU),2026-08-20T12:28:05.269167+00:00,2026-08-20T12:33:03.203902+00:00,297.9
uaf5,GCOM-W1 (SHIZUKU),AQUA,2026-08-20T12:35:15.829697+00:00,2026-08-20T12:39:42.279106+00:00,266.4
uaf5,NOAA 20 (JPSS-1),GCOM-W1 (SHIZUKU),2026-08-20T14:06:01.323676+00:00,2026-08-20T14:12:35.045862+00:00,393.7
uaf5,NOAA 20 (JPSS-1),AQUA,2026-08-20T14:12:29.778982+00:00,2026-08-20T14:12:35.045862+00:00,5.3
uaf5,GCOM-W1 (SHIZUKU),AQUA,2026-08-20T14:12:29.778982+00:00,2026-08-20T14:16:34.201193+00:00,244.4
uaf5,NOAA 20 (JPSS-1),GCOM-W1 (SHIZUKU),2026-08-20T15:43:42.852293+00:00,2026-08-20T15:50:42.808495+00:00,420.0
uaf5,NOAA 20 (JPSS-1),AQUA,2026-08-20T15:50:03.959420+00:00,2026-08-20T15:50:42.808495+00:00,38.8
uaf5,GCOM-W1 (SHIZUKU),AQUA,2026-08-20T15:50:03.959420+00:00,2026-08-20T15:52:03.113108+00:00,119.2
uaf5,NOAA 21 (JPSS-2),METOP-B,2026-08-20T16:30:26.044331+00:00,2026-08-20T16:34:33.679157+00:00,247.6
uaf5,NOAA 20 (JPSS-1),GCOM-W1 (SHIZUKU),2026-08-20T17:20:28.330078+00:00,2026-08-20T17:27:29.734994+00:00,421.4
uaf5,NOAA 20 (JPSS-1),AQUA,2026-08-20T17:27:30.202664+00:00,2026-08-20T17:28:46.000684+00:00,75.8
uaf5,NOAA 21 (JPSS-2),METOP-B,2026-08-20T18:09:16.747145+00:00,2026-08-20T18:13:05.662540+00:00,228.9
uaf5,METOP-C,SUOMI NPP,2026-08-20T18:39:03.971770+00:00,2026-08-20T18:44:05.249034+00:00,301.3
uaf5,ARCTIC WEATHER SATELLITE,GCOM-W1 (SHIZUKU),2026-08-20T18:55:55.261638+00:00,2026-08-20T18:57:41.586147+00:00,106.3
uaf5,ARCTIC WEATHER SATELLITE,NOAA 20 (JPSS-1),2026-08-20T18:57:36.853121+00:00,2026-08-20T18:57:41.586147+00:00,4.7
uaf5,GCOM-W1 (SHIZUKU),NOAA 20 (JPSS-1),2026-08-20T18:57:36.853121+00:00,2026-08-20T19:04:14.741769+00:00,397.9
uaf5,GCOM-W1 (SHIZUKU),AQUA,2026-08-20T19:04:11.932853+00:00,2026-08-20T19:04:14.741769+00:00,2.8
uaf5,NOAA 20 (JPSS-1),AQUA,2026-08-20T19:04:11.932853+00:00,2026-08-20T19:07:55.475837+00:00,223.5
uaf5,NOAA 21 (JPSS-2),METOP-B,2026-08-20T19:49:26.740256+00:00,2026-08-20T19:52:47.726854+00:00,201.0
uaf5,METOP-C,SUOMI NPP,2026-08-20T20:17:03.546075+00:00,2026-08-20T20:25:53.701719+00:00,530.2
uaf5,METOP-C,ARCTIC WEATHER SATELLITE,2026-08-20T20:25:28.233420+00:00,2026-08-20T20:25:53.701719+00:00,25.5
uaf5,SUOMI NPP,ARCTIC WEATHER SATELLITE,2026-08-20T20:25:28.233420+00:00,2026-08-20T20:28:50.470585+00:00,202.2
uaf5,ARCTIC WEATHER SATELLITE,GCOM-W1 (SHIZUKU),2026-08-20T20:31:23.881461+00:00,2026-08-20T20:35:45.711543+00:00,261.8
uaf5,GCOM-W1 (SHIZUKU),NOAA 20 (JPSS-1),2026-08-20T20:35:47.499464+00:00,2026-08-20T20:41:56.079722+00:00,368.6
uaf5,GCOM-W1 (SHIZUKU),AQUA,2026-08-20T20:39:32.827592+00:00,2026-08-20T20:41:56.079722+00:00,143.3
uaf5,NOAA 20 (JPSS-1),AQUA,2026-08-20T20:39:32.827592+00:00,2026-08-20T20:47:18.418187+00:00,465.6
uaf5,NOAA 21 (JPSS-2),METOP-B,2026-08-20T21:29:42.799035+00:00,2026-08-20T21:33:05.902660+00:00,203.1
uaf5,METOP-C,SUOMI NPP,2026-08-20T21:56:14.096378+00:00,2026-08-20T22:05:22.594187+00:00,548.5
uaf5,METOP-C,ARCTIC WEATHER SATELLITE,2026-08-20T22:01:19.726505+00:00,2026-08-20T22:05:22.594187+00:00,242.9
uaf5,SUOMI NPP,ARCTIC WEATHER SATELLITE,2026-08-20T22:01:19.726505+00:00,2026-08-20T22:09:11.933479+00:00,472.2
uaf5,SUOMI NPP,GCOM-W1 (SHIZUKU),2026-08-20T22:08:15.201419+00:00,2026-08-20T22:09:11.933479+00:00,56.7
uaf5,ARCTIC WEATHER SATELLITE,GCOM-W1 (SHIZUKU),2026-08-20T22:08:15.201419+00:00,2026-08-20T22:11:16.208001+00:00,181.0
uaf5,GCOM-W1 (SHIZUKU),AQUA,2026-08-20T22:14:34.031792+00:00,2026-08-20T22:19:52.123046+00:00,318.1
uaf5,GCOM-W1 (SHIZUKU),NOAA 20 (JPSS-1),2026-08-20T22:15:25.562351+00:00,2026-08-20T22:19:52.123046+00:00,266.6
uaf5,AQUA,NOAA 20 (JPSS-1),2026-08-20T22:15:25.562351+00:00,2026-08-20T22:24:31.487051+00:00,545.9
uaf5,NOAA 21 (JPSS-2),METOP-B,2026-08-20T23:09:37.119207+00:00,2026-08-20T23:13:29.478960+00:00,232.4
uaf5,METOP-C,ARCTIC WEATHER SATELLITE,2026-08-20T23:37:14.991445+00:00,2026-08-20T23:43:24.067134+00:00,369.1
uaf5,METOP-C,SUOMI NPP,2026-08-20T23:37:31.714066+00:00,2026-08-20T23:43:24.067134+00:00,352.4
uaf5,ARCTIC WEATHER SATELLITE,SUOMI NPP,2026-08-20T23:37:31.714066+00:00,2026-08-20T23:45:00.585420+00:00,448.9
uaf5,SUOMI NPP,GCOM-W1 (SHIZUKU),2026-08-20T23:47:17.889201+00:00,2026-08-20T23:49:31.917080+00:00,134.0
uaf5,GCOM-W1 (SHIZUKU),AQUA,2026-08-20T23:50:43.765131+00:00,2026-08-20T23:57:36.667619+00:00,412.9
uaf5,GCOM-W1 (SHIZUKU),NOAA 20 (JPSS-1),2026-08-20T23:57:23.707239+00:00,2026-08-20T23:57:36.667619+00:00,13.0
uaf5,AQUA,NOAA 20 (JPSS-1),2026-08-20T23:57:23.707239+00:00,2026-08-21T00:02:05.359865+00:00,281.7
uaf5,NOAA 21 (JPSS-2),METOP-B,2026-08-21T00:48:32.497353+00:00,2026-08-21T00:53:22.289183+00:00,289.8
uaf5,METOP-C,ARCTIC WEATHER SATELLITE,2026-08-21T01:12:45.308664+00:00,2026-08-21T01:17:55.395777+00:00,310.1
uaf5,SUOMI NPP,AQUA,2026-08-21T01:28:54.192606+00:00,2026-08-21T01:28:57.984660+00:00,3.8
uaf5,AQUA,GCOM-W1 (SHIZUKU),2026-08-21T01:30:23.725011+00:00,2026-08-21T01:33:37.831140+00:00,194.1
uaf5,ARCTIC WEATHER SATELLITE,METOP-C,2026-08-21T02:50:09.373405+00:00,2026-08-21T02:51:56.763287+00:00,107.4
uaf5,METOP-B,ARCTIC WEATHER SATELLITE,2026-08-21T05:53:24.648628+00:00,2026-08-21T05:56:54.508805+00:00,209.9
uaf5,METOP-B,ARCTIC WEATHER SATELLITE,2026-08-21T07:29:00.510214+00:00,2026-08-21T07:37:01.251803+00:00,480.7
uaf5,ARCTIC WEATHER SATELLITE,METOP-B,2026-08-21T09:12:31.504608+00:00,2026-08-21T09:14:30.102557+00:00,118.6
uaf5,GCOM-W1 (SHIZUKU),SUOMI NPP,2026-08-21T10:02:06.526492+00:00,2026-08-21T10:03:30.826940+00:00,84.3
uaf5,GCOM-W1 (SHIZUKU),AQUA,2026-08-21T11:36:30.845034+00:00,2026-08-21T11:41:39.640744+00:00,308.8
uaf5,GCOM-W1 (SHIZUKU),SUOMI NPP,2026-08-21T11:42:05.209747+00:00,2026-08-21T11:44:18.160424+00:00,133.0
uaf5,GCOM-W1 (SHIZUKU),AQUA,2026-08-21T13:12:47.902856+00:00,2026-08-21T13:22:18.323420+00:00,570.4
uaf5,AQUA,SUOMI NPP,2026-08-21T13:22:28.887555+00:00,2026-08-21T13:23:20.257785+00:00,51.4
uaf5,GCOM-W1 (SHIZUKU),AQUA,2026-08-21T14:50:14.269616+00:00,2026-08-21T14:58:26.953325+00:00,492.7
uaf5,GCOM-W1 (SHIZUKU),AQUA,2026-08-21T16:27:48.393446+00:00,2026-08-21T16:33:42.160829+00:00,353.8
uaf5,NOAA 21 (JPSS-2),METOP-B,2026-08-21T17:48:39.900826+00:00,2026-08-21T17:54:31.530985+00:00,351.6
uaf5,GCOM-W1 (SHIZUKU),AQUA,2026-08-21T18:05:03.225567+00:00,2026-08-21T18:09:38.719667+00:00,275.5
uaf5,AQUA,METOP-C,2026-08-21T18:12:12.609921+00:00,2026-08-21T18:12:54.214443+00:00,41.6
uaf5,METOP-C,SUOMI NPP,2026-08-21T18:20:44.037000+00:00,2026-08-21T18:22:36.950369+00:00,112.9
uaf5,ARCTIC WEATHER SATELLITE,METOP-SGA1,2026-08-21T19:00:43.351848+00:00,2026-08-21T19:08:46.362424+00:00,483.0
uaf5,NOAA 21 (JPSS-2),METOP-B,2026-08-21T19:28:44.154238+00:00,2026-08-21T19:34:02.383853+00:00,318.2
uaf5,METOP-B,GCOM-W1 (SHIZUKU),2026-08-21T19:37:35.133655+00:00,2026-08-21T19:41:35.601351+00:00,240.5
uaf5,METOP-B,AQUA,2026-08-21T19:41:14.499393+00:00,2026-08-21T19:41:35.601351+00:00,21.1
uaf5,GCOM-W1 (SHIZUKU),AQUA,2026-08-21T19:41:14.499393+00:00,2026-08-21T19:46:54.942005+00:00,340.4
uaf5,METOP-C,SUOMI NPP,2026-08-21T19:58:38.999984+00:00,2026-08-21T20:05:02.001125+00:00,383.0
uaf5,ARCTIC WEATHER SATELLITE,METOP-SGA1,2026-08-21T20:40:56.469061+00:00,2026-08-21T20:46:29.164984+00:00,332.7
uaf5,NOAA 21 (JPSS-2),METOP-B,2026-08-21T21:09:01.218241+00:00,2026-08-21T21:14:16.512769+00:00,315.3
uaf5,NOAA 21 (JPSS-2),GCOM-W1 (SHIZUKU),2026-08-21T21:13:32.737227+00:00,2026-08-21T21:14:16.512769+00:00,43.8
uaf5,METOP-B,GCOM-W1 (SHIZUKU),2026-08-21T21:13:32.737227+00:00,2026-08-21T21:21:18.046592+00:00,465.3
uaf5,METOP-B,AQUA,2026-08-21T21:16:15.531959+00:00,2026-08-21T21:21:18.046592+00:00,302.5
uaf5,GCOM-W1 (SHIZUKU),AQUA,2026-08-21T21:16:15.531959+00:00,2026-08-21T21:24:46.340936+00:00,510.8
uaf5,METOP-C,SUOMI NPP,2026-08-21T21:37:31.277202+00:00,2026-08-21T21:44:55.652261+00:00,444.4
uaf5,ARCTIC WEATHER SATELLITE,METOP-SGA1,2026-08-21T22:21:10.439418+00:00,2026-08-21T22:21:45.861516+00:00,35.4
uaf5,NOAA 21 (JPSS-2),METOP-B,2026-08-21T22:49:02.714476+00:00,2026-08-21T22:54:41.076994+00:00,338.4
uaf5,NOAA 21 (JPSS-2),GCOM-W1 (SHIZUKU),2026-08-21T22:51:15.838236+00:00,2026-08-21T22:54:41.076994+00:00,205.2
uaf5,NOAA 21 (JPSS-2),AQUA,2026-08-21T22:51:35.113649+00:00,2026-08-21T22:54:41.076994+00:00,186.0
uaf5,METOP-B,GCOM-W1 (SHIZUKU),2026-08-21T22:51:15.838236+00:00,2026-08-21T22:59:26.434488+00:00,490.6
uaf5,METOP-B,AQUA,2026-08-21T22:51:35.113649+00:00,2026-08-21T22:59:26.434488+00:00,471.3
uaf5,GCOM-W1 (SHIZUKU),AQUA,2026-08-21T22:51:35.113649+00:00,2026-08-21T23:02:15.672959+00:00,640.6
uaf5,METOP-C,SUOMI NPP,2026-08-21T23:18:21.275527+00:00,2026-08-21T23:23:10.035216+00:00,288.8
uaf5,NOAA 20 (JPSS-1),ARCTIC WEATHER SATELLITE,2026-08-21T23:47:54.042898+00:00,2026-08-21T23:49:54.721784+00:00,120.7
uaf5,NOAA 21 (JPSS-2),METOP-B,2026-08-22T00:28:13.216459+00:00,2026-08-22T00:34:44.999286+00:00,391.8
uaf5,NOAA 21 (JPSS-2),AQUA,2026-08-22T00:28:26.082331+00:00,2026-08-22T00:34:44.999286+00:00,378.9
uaf5,NOAA 21 (JPSS-2),GCOM-W1 (SHIZUKU),2026-08-22T00:31:35.588847+00:00,2026-08-22T00:34:44.999286+00:00,189.4
uaf5,METOP-B,AQUA,2026-08-22T00:28:26.082331+00:00,2026-08-22T00:37:15.256407+00:00,529.2
uaf5,METOP-B,GCOM-W1 (SHIZUKU),2026-08-22T00:31:35.588847+00:00,2026-08-22T00:37:15.256407+00:00,339.7
uaf5,AQUA,GCOM-W1 (SHIZUKU),2026-08-22T00:31:35.588847+00:00,2026-08-22T00:39:50.020927+00:00,494.4
uaf5,NOAA 20 (JPSS-1),ARCTIC WEATHER SATELLITE,2026-08-22T01:23:17.888415+00:00,2026-08-22T01:28:16.611237+00:00,298.7
uaf5,METOP-B,AQUA,2026-08-22T02:07:36.939372+00:00,2026-08-22T02:16:04.978177+00:00,508.0
uaf5,METOP-C,ARCTIC WEATHER SATELLITE,2026-08-22T07:39:46.491100+00:00,2026-08-22T07:39:52.272400+00:00,5.8
uaf5,NOAA 21 (JPSS-2),METOP-C,2026-08-22T09:12:17.715345+00:00,2026-08-22T09:14:01.119733+00:00,103.4
uaf5,METOP-C,ARCTIC WEATHER SATELLITE,2026-08-22T09:18:23.626577+00:00,2026-08-22T09:19:13.818177+00:00,50.2
uaf5,GCOM-W1 (SHIZUKU),NOAA 21 (JPSS-2),2026-08-22T10:47:13.371034+00:00,2026-08-22T10:48:03.092470+00:00,49.7
uaf5,AQUA,GCOM-W1 (SHIZUKU),2026-08-22T12:15:50.443903+00:00,2026-08-22T12:21:37.327317+00:00,346.9
uaf5,AQUA,GCOM-W1 (SHIZUKU),2026-08-22T13:53:46.482802+00:00,2026-08-22T14:01:39.363118+00:00,472.9
uaf5,AQUA,GCOM-W1 (SHIZUKU),2026-08-22T15:31:31.531577+00:00,2026-08-22T15:39:03.659078+00:00,452.1
uaf5,METOP-SGA1,AQUA,2026-08-22T17:05:30.141508+00:00,2026-08-22T17:05:55.459818+00:00,25.3
uaf5,AQUA,GCOM-W1 (SHIZUKU),2026-08-22T17:08:26.889332+00:00,2026-08-22T17:14:42.920566+00:00,376.0
uaf5,NOAA 21 (JPSS-2),METOP-B,2026-08-22T17:28:06.266560+00:00,2026-08-22T17:36:00.236952+00:00,474.0
uaf5,METOP-SGA1,AQUA,2026-08-22T18:42:26.616497+00:00,2026-08-22T18:49:39.087818+00:00,432.5
uaf5,METOP-SGA1,GCOM-W1 (SHIZUKU),2026-08-22T18:44:00.904016+00:00,2026-08-22T18:51:29.000439+00:00,448.1
uaf5,AQUA,GCOM-W1 (SHIZUKU),2026-08-22T18:44:00.904016+00:00,2026-08-22T18:49:39.087818+00:00,338.2
uaf5,NOAA 21 (JPSS-2),METOP-B,2026-08-22T19:08:02.023297+00:00,2026-08-22T19:15:18.533985+00:00,436.5
uaf5,NOAA 21 (JPSS-2),ARCTIC WEATHER SATELLITE,2026-08-22T19:11:15.187206+00:00,2026-08-22T19:15:18.533985+00:00,243.3
uaf5,METOP-B,ARCTIC WEATHER SATELLITE,2026-08-22T19:11:15.187206+00:00,2026-08-22T19:19:47.754452+00:00,512.6
uaf5,METOP-C,SUOMI NPP,2026-08-22T19:40:16.582387+00:00,2026-08-22T19:44:03.920200+00:00,227.3
uaf5,AQUA,GCOM-W1 (SHIZUKU),2026-08-22T20:19:23.900333+00:00,2026-08-22T20:25:26.600277+00:00,362.7
uaf5,AQUA,METOP-SGA1,2026-08-22T20:20:10.547716+00:00,2026-08-22T20:25:26.600277+00:00,316.1
uaf5,GCOM-W1 (SHIZUKU),METOP-SGA1,2026-08-22T20:20:10.547716+00:00,2026-08-22T20:29:41.412815+00:00,570.9
uaf5,NOAA 21 (JPSS-2),ARCTIC WEATHER SATELLITE,2026-08-22T20:46:45.473083+00:00,2026-08-22T20:55:27.481677+00:00,522.0
uaf5,NOAA 21 (JPSS-2),METOP-B,2026-08-22T20:48:19.013392+00:00,2026-08-22T20:55:27.481677+00:00,428.5
uaf5,ARCTIC WEATHER SATELLITE,METOP-B,2026-08-22T20:48:19.013392+00:00,2026-08-22T20:57:10.754825+00:00,531.7
uaf5,METOP-C,SUOMI NPP,2026-08-22T21:18:52.596526+00:00,2026-08-22T21:24:24.372236+00:00,331.8
uaf5,AQUA,GCOM-W1 (SHIZUKU),2026-08-22T21:56:01.956432+00:00,2026-08-22T22:02:29.133129+00:00,387.2
uaf5,AQUA,METOP-SGA1,2026-08-22T22:00:26.468857+00:00,2026-08-22T22:02:29.133129+00:00,122.7
uaf5,GCOM-W1 (SHIZUKU),METOP-SGA1,2026-08-22T22:00:26.468857+00:00,2026-08-22T22:07:37.094041+00:00,430.6
uaf5,ARCTIC WEATHER SATELLITE,NOAA 21 (JPSS-2),2026-08-22T22:22:56.597845+00:00,2026-08-22T22:32:14.119665+00:00,557.5
uaf5,ARCTIC WEATHER SATELLITE,METOP-B,2026-08-22T22:28:26.121103+00:00,2026-08-22T22:32:14.119665+00:00,228.0
uaf5,NOAA 21 (JPSS-2),METOP-B,2026-08-22T22:28:26.121103+00:00,2026-08-22T22:35:52.053385+00:00,445.9
uaf5,METOP-C,SUOMI NPP,2026-08-22T22:59:16.800865+00:00,2026-08-22T23:02:54.649452+00:00,217.8
uaf5,NOAA 20 (JPSS-1),AQUA,2026-08-22T23:28:49.978252+00:00,2026-08-22T23:31:09.373352+00:00,139.4
uaf5,AQUA,GCOM-W1 (SHIZUKU),2026-08-22T23:34:45.468378+00:00,2026-08-22T23:40:01.020398+00:00,315.6
uaf5,GCOM-W1 (SHIZUKU),METOP-SGA1,2026-08-22T23:40:21.356960+00:00,2026-08-22T23:45:24.817354+00:00,303.5
uaf5,ARCTIC WEATHER SATELLITE,NOAA 21 (JPSS-2),2026-08-23T00:05:15.378147+00:00,2026-08-23T00:05:40.876459+00:00,25.5
uaf5,NOAA 21 (JPSS-2),METOP-B,2026-08-23T00:07:50.504040+00:00,2026-08-23T00:16:03.691870+00:00,493.2
uaf5,NOAA 20 (JPSS-1),AQUA,2026-08-23T01:06:28.721932+00:00,2026-08-23T01:10:50.249984+00:00,261.5
uaf5,AQUA,GCOM-W1 (SHIZUKU),2026-08-23T01:16:56.585917+00:00,2026-08-23T01:17:32.248810+00:00,35.7
uaf5,GCOM-W1 (SHIZUKU),METOP-SGA1,2026-08-23T01:19:18.270564+00:00,2026-08-23T01:22:01.911720+00:00,163.6
uaf5,METOP-SGA1,ARCTIC WEATHER SATELLITE,2026-08-23T03:07:21.073341+00:00,2026-08-23T03:07:22.873050+00:00,1.8
uaf5,METOP-SGA1,ARCTIC WEATHER SATELLITE,2026-08-23T04:40:20.376251+00:00,2026-08-23T04:47:20.779684+00:00,420.4
uaf5,ARCTIC WEATHER SATELLITE,METOP-SGA1,2026-08-23T06:14:42.844914+00:00,2026-08-23T06:24:44.316324+00:00,601.5
uaf5,ARCTIC WEATHER SATELLITE,METOP-SGA1,2026-08-23T07:56:33.648823+00:00,2026-08-23T08:00:31.136169+00:00,237.5
uaf5,NOAA 21 (JPSS-2),METOP-C,2026-08-23T08:50:15.223987+00:00,2026-08-23T08:53:15.294746+00:00,180.1
uaf5,SUOMI NPP,ARCTIC WEATHER SATELLITE,2026-08-23T09:29:39.279118+00:00,2026-08-23T09:31:45.426090+00:00,126.1
uaf5,METOP-SGA1,GCOM-W1 (SHIZUKU),2026-08-23T09:43:44.953308+00:00,2026-08-23T09:45:56.645694+00:00,131.7
uaf5,METOP-SGA1,NOAA 20 (JPSS-1),2026-08-23T09:43:50.763657+00:00,2026-08-23T09:45:56.645694+00:00,125.9
uaf5,GCOM-W1 (SHIZUKU),NOAA 20 (JPSS-1),2026-08-23T09:43:50.763657+00:00,2026-08-23T09:50:35.286910+00:00,404.5
uaf5,GCOM-W1 (SHIZUKU),NOAA 20 (JPSS-1),2026-08-23T11:23:41.705975+00:00,2026-08-23T11:31:52.451734+00:00,490.7
uaf5,SUOMI NPP,AQUA,2026-08-23T12:50:50.215777+00:00,2026-08-23T12:57:49.465042+00:00,419.2
uaf5,AQUA,GCOM-W1 (SHIZUKU),2026-08-23T12:58:40.606627+00:00,2026-08-23T13:00:43.475605+00:00,122.9
uaf5,GCOM-W1 (SHIZUKU),NOAA 20 (JPSS-1),2026-08-23T13:04:04.739530+00:00,2026-08-23T13:10:09.687340+00:00,364.9
uaf5,SUOMI NPP,AQUA,2026-08-23T14:28:10.244853+00:00,2026-08-23T14:37:01.516966+00:00,531.3
uaf5,SUOMI NPP,GCOM-W1 (SHIZUKU),2026-08-23T14:36:35.105603+00:00,2026-08-23T14:37:01.516966+00:00,26.4
uaf5,AQUA,GCOM-W1 (SHIZUKU),2026-08-23T14:36:35.105603+00:00,2026-08-23T14:39:35.782836+00:00,180.7
uaf5,GCOM-W1 (SHIZUKU),NOAA 20 (JPSS-1),2026-08-23T14:44:22.771704+00:00,2026-08-23T14:46:29.711350+00:00,126.9
uaf5,SUOMI NPP,AQUA,2026-08-23T16:05:44.797085+00:00,2026-08-23T16:15:01.607945+00:00,556.8
uaf5,SUOMI NPP,GCOM-W1 (SHIZUKU),2026-08-23T16:14:04.758645+00:00,2026-08-23T16:15:01.607945+00:00,56.8
uaf5,AQUA,GCOM-W1 (SHIZUKU),2026-08-23T16:14:04.758645+00:00,2026-08-23T16:16:14.191257+00:00,129.4
uaf5,METOP-B,NOAA 21 (JPSS-2),2026-08-23T17:08:23.333970+00:00,2026-08-23T17:16:14.406209+00:00,471.1
uaf5,AQUA,SUOMI NPP,2026-08-23T17:43:59.974443+00:00,2026-08-23T17:51:27.238845+00:00,447.3
uaf5,AQUA,GCOM-W1 (SHIZUKU),2026-08-23T17:50:23.413240+00:00,2026-08-23T17:51:27.238845+00:00,63.8
uaf5,SUOMI NPP,GCOM-W1 (SHIZUKU),2026-08-23T17:50:23.413240+00:00,2026-08-23T17:53:13.880833+00:00,170.5
uaf5,NOAA 21 (JPSS-2),METOP-B,2026-08-23T18:47:20.608143+00:00,2026-08-23T18:56:36.440614+00:00,555.8
uaf5,METOP-C,AQUA,2026-08-23T19:19:37.198242+00:00,2026-08-23T19:22:59.001332+00:00,201.8
uaf5,METOP-C,ARCTIC WEATHER SATELLITE,2026-08-23T19:21:49.308168+00:00,2026-08-23T19:22:59.001332+00:00,69.7
uaf5,METOP-C,SUOMI NPP,2026-08-23T19:21:55.781317+00:00,2026-08-23T19:22:59.001332+00:00,63.2
uaf5,AQUA,ARCTIC WEATHER SATELLITE,2026-08-23T19:21:49.308168+00:00,2026-08-23T19:26:32.479273+00:00,283.2
uaf5,AQUA,SUOMI NPP,2026-08-23T19:21:55.781317+00:00,2026-08-23T19:26:32.479273+00:00,276.7
uaf5,AQUA,GCOM-W1 (SHIZUKU),2026-08-23T19:25:39.539709+00:00,2026-08-23T19:26:32.479273+00:00,52.9
uaf5,ARCTIC WEATHER SATELLITE,SUOMI NPP,2026-08-23T19:21:55.781317+00:00,2026-08-23T19:30:46.137282+00:00,530.4
uaf5,ARCTIC WEATHER SATELLITE,GCOM-W1 (SHIZUKU),2026-08-23T19:25:39.539709+00:00,2026-08-23T19:30:46.137282+00:00,306.6
uaf5,SUOMI NPP,GCOM-W1 (SHIZUKU),2026-08-23T19:25:39.539709+00:00,2026-08-23T19:32:36.292186+00:00,416.8
uaf5,NOAA 21 (JPSS-2),METOP-B,2026-08-23T20:27:36.372335+00:00,2026-08-23T20:36:38.965811+00:00,542.6
uaf5,METOP-C,AQUA,2026-08-23T20:54:48.375633+00:00,2026-08-23T21:02:53.019152+00:00,484.6
uaf5,METOP-C,ARCTIC WEATHER SATELLITE,2026-08-23T20:57:24.358292+00:00,2026-08-23T21:03:48.330379+00:00,384.0
uaf5,METOP-C,SUOMI NPP,2026-08-23T21:00:17.787767+00:00,2026-08-23T21:03:48.330379+00:00,210.5
uaf5,METOP-C,GCOM-W1 (SHIZUKU),2026-08-23T21:01:27.557536+00:00,2026-08-23T21:03:48.330379+00:00,140.8
uaf5,AQUA,ARCTIC WEATHER SATELLITE,2026-08-23T20:57:24.358292+00:00,2026-08-23T21:02:53.019152+00:00,328.7
uaf5,AQUA,SUOMI NPP,2026-08-23T21:00:17.787767+00:00,2026-08-23T21:02:53.019152+00:00,155.2
uaf5,AQUA,GCOM-W1 (SHIZUKU),2026-08-23T21:01:27.557536+00:00,2026-08-23T21:02:53.019152+00:00,85.5
uaf5,ARCTIC WEATHER SATELLITE,SUOMI NPP,2026-08-23T21:00:17.787767+00:00,2026-08-23T21:07:50.568856+00:00,452.8
uaf5,ARCTIC WEATHER SATELLITE,GCOM-W1 (SHIZUKU),2026-08-23T21:01:27.557536+00:00,2026-08-23T21:07:50.568856+00:00,383.0
uaf5,SUOMI NPP,GCOM-W1 (SHIZUKU),2026-08-23T21:01:27.557536+00:00,2026-08-23T21:12:31.080350+00:00,663.5
uaf5,NOAA 21 (JPSS-2),METOP-B,2026-08-23T22:07:47.749023+00:00,2026-08-23T22:17:02.691899+00:00,554.9
uaf5,AQUA,METOP-C,2026-08-23T22:31:10.664447+00:00,2026-08-23T22:40:11.723632+00:00,541.1
uaf5,AQUA,ARCTIC WEATHER SATELLITE,2026-08-23T22:33:19.291953+00:00,2026-08-23T22:40:11.723632+00:00,412.4
uaf5,AQUA,GCOM-W1 (SHIZUKU),2026-08-23T22:38:55.002302+00:00,2026-08-23T22:40:11.723632+00:00,76.7
uaf5,METOP-C,ARCTIC WEATHER SATELLITE,2026-08-23T22:33:19.291953+00:00,2026-08-23T22:42:37.151248+00:00,557.9
uaf5,METOP-C,GCOM-W1 (SHIZUKU),2026-08-23T22:38:55.002302+00:00,2026-08-23T22:42:37.151248+00:00,222.1
uaf5,METOP-C,SUOMI NPP,2026-08-23T22:40:17.893746+00:00,2026-08-23T22:42:37.151248+00:00,139.3
uaf5,ARCTIC WEATHER SATELLITE,GCOM-W1 (SHIZUKU),2026-08-23T22:38:55.002302+00:00,2026-08-23T22:42:41.095624+00:00,226.1
uaf5,ARCTIC WEATHER SATELLITE,SUOMI NPP,2026-08-23T22:40:17.893746+00:00,2026-08-23T22:42:41.095624+00:00,143.2
uaf5,GCOM-W1 (SHIZUKU),SUOMI NPP,2026-08-23T22:40:17.893746+00:00,2026-08-23T22:50:26.445223+00:00,608.6
uaf5,NOAA 21 (JPSS-2),METOP-B,2026-08-23T23:47:24.318899+00:00,2026-08-23T23:56:47.328559+00:00,563.0
uaf5,AQUA,ARCTIC WEATHER SATELLITE,2026-08-24T00:09:10.863331+00:00,2026-08-24T00:16:00.159240+00:00,409.3
uaf5,AQUA,METOP-C,2026-08-24T00:10:51.923495+00:00,2026-08-24T00:17:46.206905+00:00,414.3
uaf5,ARCTIC WEATHER SATELLITE,METOP-C,2026-08-24T00:10:51.923495+00:00,2026-08-24T00:16:00.159240+00:00,308.2
uaf5,METOP-C,GCOM-W1 (SHIZUKU),2026-08-24T00:18:50.741175+00:00,2026-08-24T00:20:24.095245+00:00,93.4
uaf5,GCOM-W1 (SHIZUKU),SUOMI NPP,2026-08-24T00:22:48.771266+00:00,2026-08-24T00:27:59.226593+00:00,310.5
uaf5,METOP-B,NOAA 21 (JPSS-2),2026-08-24T01:31:36.286155+00:00,2026-08-24T01:35:06.246110+00:00,210.0
uaf5,ARCTIC WEATHER SATELLITE,AQUA,2026-08-24T01:44:54.914935+00:00,2026-08-24T01:49:02.503694+00:00,247.6
uaf5,AQUA,METOP-C,2026-08-24T01:49:25.353983+00:00,2026-08-24T01:55:09.793233+00:00,344.4
uaf5,METOP-C,AQUA,2026-08-24T03:27:20.817105+00:00,2026-08-24T03:30:57.911120+00:00,217.1
uaf5,METOP-B,ARCTIC WEATHER SATELLITE,2026-08-24T04:50:43.448269+00:00,2026-08-24T04:54:46.116677+00:00,242.7
uaf5,METOP-B,ARCTIC WEATHER SATELLITE,2026-08-24T06:25:03.166997+00:00,2026-08-24T06:35:02.727857+00:00,599.6
uaf5,ARCTIC WEATHER SATELLITE,METOP-B,2026-08-24T08:05:34.243075+00:00,2026-08-24T08:11:07.979989+00:00,333.7
uaf5,METOP-SGA1,NOAA 20 (JPSS-1),2026-08-24T09:25:22.471096+00:00,2026-08-24T09:26:14.124206+00:00,51.7
uaf5,NOAA 21 (JPSS-2),AQUA,2026-08-24T11:51:44.896162+00:00,2026-08-24T11:58:23.384646+00:00,398.5
uaf5,AQUA,NOAA 21 (JPSS-2),2026-08-24T13:30:18.583458+00:00,2026-08-24T13:39:17.813162+00:00,539.2
uaf5,NOAA 21 (JPSS-2),GCOM-W1 (SHIZUKU),2026-08-24T13:41:31.296365+00:00,2026-08-24T13:42:48.645694+00:00,77.3
uaf5,AQUA,NOAA 21 (JPSS-2),2026-08-24T15:10:29.886197+00:00,2026-08-24T15:17:12.523804+00:00,402.6
uaf5,NOAA 21 (JPSS-2),GCOM-W1 (SHIZUKU),2026-08-24T15:19:19.320018+00:00,2026-08-24T15:21:10.938604+00:00,111.6
uaf5,AQUA,METOP-B,2026-08-24T16:47:18.076379+00:00,2026-08-24T16:53:11.624572+00:00,353.5
uaf5,AQUA,NOAA 21 (JPSS-2),2026-08-24T16:49:53.593822+00:00,2026-08-24T16:53:11.624572+00:00,198.0
uaf5,METOP-B,NOAA 21 (JPSS-2),2026-08-24T16:49:53.593822+00:00,2026-08-24T16:54:15.832955+00:00,262.2
uaf5,NOAA 21 (JPSS-2),GCOM-W1 (SHIZUKU),2026-08-24T16:56:23.780199+00:00,2026-08-24T16:59:05.840716+00:00,162.1
uaf5,METOP-SGA1,ARCTIC WEATHER SATELLITE,2026-08-24T17:58:57.966595+00:00,2026-08-24T18:00:32.476483+00:00,94.5
uaf5,AQUA,METOP-B,2026-08-24T18:26:40.263513+00:00,2026-08-24T18:28:09.884230+00:00,89.6
uaf5,AQUA,NOAA 21 (JPSS-2),2026-08-24T18:28:06.367854+00:00,2026-08-24T18:28:09.884230+00:00,3.5
uaf5,METOP-B,NOAA 21 (JPSS-2),2026-08-24T18:28:06.367854+00:00,2026-08-24T18:37:56.408266+00:00,590.0
uaf5,METOP-B,GCOM-W1 (SHIZUKU),2026-08-24T18:32:06.241548+00:00,2026-08-24T18:38:39.951100+00:00,393.7
uaf5,NOAA 21 (JPSS-2),GCOM-W1 (SHIZUKU),2026-08-24T18:32:06.241548+00:00,2026-08-24T18:37:56.408266+00:00,350.2
uaf5,NOAA 20 (JPSS-1),ARCTIC WEATHER SATELLITE,2026-08-24T19:32:24.191950+00:00,2026-08-24T19:32:59.199042+00:00,35.0
uaf5,ARCTIC WEATHER SATELLITE,METOP-SGA1,2026-08-24T19:38:39.621175+00:00,2026-08-24T19:41:41.768246+00:00,182.1
uaf5,NOAA 21 (JPSS-2),METOP-B,2026-08-24T20:06:53.546809+00:00,2026-08-24T20:17:51.151289+00:00,657.6
uaf5,NOAA 21 (JPSS-2),GCOM-W1 (SHIZUKU),2026-08-24T20:07:24.970094+00:00,2026-08-24T20:17:26.848745+00:00,601.9
uaf5,METOP-B,GCOM-W1 (SHIZUKU),2026-08-24T20:07:24.970094+00:00,2026-08-24T20:17:26.848745+00:00,601.9
uaf5,METOP-C,SUOMI NPP,2026-08-24T20:41:46.464566+00:00,2026-08-24T20:43:07.094303+00:00,80.6
uaf5,NOAA 20 (JPSS-1),ARCTIC WEATHER SATELLITE,2026-08-24T21:08:03.344244+00:00,2026-08-24T21:13:11.466089+00:00,308.1
uaf5,METOP-SGA1,AQUA,2026-08-24T21:31:31.491947+00:00,2026-08-24T21:31:31.805524+00:00,0.3
uaf5,GCOM-W1 (SHIZUKU),NOAA 21 (JPSS-2),2026-08-24T21:45:15.514676+00:00,2026-08-24T21:55:21.787670+00:00,606.3
uaf5,GCOM-W1 (SHIZUKU),METOP-B,2026-08-24T21:47:07.938970+00:00,2026-08-24T21:55:21.787670+00:00,493.8
uaf5,NOAA 21 (JPSS-2),METOP-B,2026-08-24T21:47:07.938970+00:00,2026-08-24T21:58:13.098509+00:00,665.2
uaf5,METOP-C,SUOMI NPP,2026-08-24T22:21:24.157630+00:00,2026-08-24T22:22:16.851933+00:00,52.7
uaf5,NOAA 20 (JPSS-1),ARCTIC WEATHER SATELLITE,2026-08-24T22:43:58.952575+00:00,2026-08-24T22:53:06.798970+00:00,547.8
uaf5,METOP-SGA1,AQUA,2026-08-24T23:07:01.686817+00:00,2026-08-24T23:09:56.376837+00:00,174.7
uaf5,GCOM-W1 (SHIZUKU),NOAA 21 (JPSS-2),2026-08-24T23:26:32.596217+00:00,2026-08-24T23:33:12.063735+00:00,399.5
uaf5,GCOM-W1 (SHIZUKU),METOP-B,2026-08-24T23:26:54.895352+00:00,2026-08-24T23:33:12.063735+00:00,377.2
uaf5,NOAA 21 (JPSS-2),METOP-B,2026-08-24T23:26:54.895352+00:00,2026-08-24T23:36:36.156894+00:00,581.3
uaf5,ARCTIC WEATHER SATELLITE,NOAA 20 (JPSS-1),2026-08-25T00:23:29.220212+00:00,2026-08-25T00:26:19.022952+00:00,169.8
uaf5,METOP-SGA1,AQUA,2026-08-25T00:44:11.243892+00:00,2026-08-25T00:47:41.094051+00:00,209.9
uaf5,GCOM-W1 (SHIZUKU),METOP-B,2026-08-25T01:05:36.967395+00:00,2026-08-25T01:10:09.623530+00:00,272.7
uaf5,METOP-B,NOAA 21 (JPSS-2),2026-08-25T01:11:10.623722+00:00,2026-08-25T01:14:41.771078+00:00,211.1
uaf5,METOP-SGA1,AQUA,2026-08-25T02:23:50.152278+00:00,2026-08-25T02:26:12.908334+00:00,142.8
uaf5,METOP-C,ARCTIC WEATHER SATELLITE,2026-08-25T06:35:38.762825+00:00,2026-08-25T06:37:38.419549+00:00,119.7
uaf5,METOP-C,ARCTIC WEATHER SATELLITE,2026-08-25T08:12:16.047816+00:00,2026-08-25T08:17:42.295171+00:00,326.2
uaf5,NOAA 21 (JPSS-2),ARCTIC WEATHER SATELLITE,2026-08-25T09:52:40.585044+00:00,2026-08-25T09:55:46.481279+00:00,185.9
uaf5,NOAA 20 (JPSS-1),AQUA,2026-08-25T12:28:55.999208+00:00,2026-08-25T12:37:55.322454+00:00,539.3
uaf5,AQUA,NOAA 20 (JPSS-1),2026-08-25T14:06:51.271706+00:00,2026-08-25T14:17:27.070993+00:00,635.8
uaf5,AQUA,NOAA 20 (JPSS-1),2026-08-25T15:46:51.485348+00:00,2026-08-25T15:54:31.955954+00:00,460.5
uaf5,METOP-B,NOAA 21 (JPSS-2),2026-08-25T16:31:21.026571+00:00,2026-08-25T16:31:48.768404+00:00,27.7
uaf5,AQUA,NOAA 20 (JPSS-1),2026-08-25T17:25:52.401384+00:00,2026-08-25T17:29:59.380934+00:00,247.0
uaf5,METOP-SGA1,GCOM-W1 (SHIZUKU),2026-08-25T17:38:25.162298+00:00,2026-08-25T17:45:29.744747+00:00,424.6
uaf5,METOP-B,ARCTIC WEATHER SATELLITE,2026-08-25T18:08:42.103237+00:00,2026-08-25T18:12:32.629366+00:00,230.5
uaf5,METOP-B,NOAA 21 (JPSS-2),2026-08-25T18:09:45.502692+00:00,2026-08-25T18:17:26.646520+00:00,461.1
uaf5,ARCTIC WEATHER SATELLITE,NOAA 21 (JPSS-2),2026-08-25T18:09:45.502692+00:00,2026-08-25T18:12:32.629366+00:00,167.1
uaf5,AQUA,NOAA 20 (JPSS-1),2026-08-25T19:03:51.362536+00:00,2026-08-25T19:04:57.280625+00:00,65.9
uaf5,NOAA 20 (JPSS-1),GCOM-W1 (SHIZUKU),2026-08-25T19:13:44.377062+00:00,2026-08-25T19:14:17.235544+00:00,32.9
uaf5,GCOM-W1 (SHIZUKU),METOP-SGA1,2026-08-25T19:17:55.163391+00:00,2026-08-25T19:22:29.304853+00:00,274.1
uaf5,ARCTIC WEATHER SATELLITE,METOP-B,2026-08-25T19:46:10.719714+00:00,2026-08-25T19:52:34.896910+00:00,384.2
uaf5,ARCTIC WEATHER SATELLITE,NOAA 21 (JPSS-2),2026-08-25T19:47:39.954756+00:00,2026-08-25T19:52:34.896910+00:00,294.9
uaf5,METOP-B,NOAA 21 (JPSS-2),2026-08-25T19:47:39.954756+00:00,2026-08-25T19:59:04.223545+00:00,684.3
uaf5,SUOMI NPP,AQUA,2026-08-25T20:33:20.823414+00:00,2026-08-25T20:35:11.730517+00:00,110.9
uaf5,NOAA 20 (JPSS-1),GCOM-W1 (SHIZUKU),2026-08-25T20:49:23.776428+00:00,2026-08-25T20:54:23.946959+00:00,300.2
uaf5,GCOM-W1 (SHIZUKU),METOP-SGA1,2026-08-25T20:58:10.404712+00:00,2026-08-25T21:00:15.753137+00:00,125.3
uaf5,ARCTIC WEATHER SATELLITE,METOP-B,2026-08-25T21:26:27.034174+00:00,2026-08-25T21:29:05.066952+00:00,158.0
uaf5,ARCTIC WEATHER SATELLITE,NOAA 21 (JPSS-2),2026-08-25T21:26:31.770459+00:00,2026-08-25T21:29:05.066952+00:00,153.3
uaf5,METOP-B,NOAA 21 (JPSS-2),2026-08-25T21:26:31.770459+00:00,2026-08-25T21:38:27.229101+00:00,715.5
uaf5,SUOMI NPP,AQUA,2026-08-25T22:08:19.990328+00:00,2026-08-25T22:15:33.843980+00:00,433.9
uaf5,NOAA 20 (JPSS-1),GCOM-W1 (SHIZUKU),2026-08-25T22:26:36.261711+00:00,2026-08-25T22:34:47.926193+00:00,491.7
uaf5,METOP-B,NOAA 21 (JPSS-2),2026-08-25T23:07:21.307189+00:00,2026-08-25T23:16:25.715582+00:00,544.4
uaf5,SUOMI NPP,AQUA,2026-08-25T23:44:22.713607+00:00,2026-08-25T23:55:41.585001+00:00,678.9
uaf5,NOAA 20 (JPSS-1),GCOM-W1 (SHIZUKU),2026-08-26T00:06:09.745504+00:00,2026-08-26T00:15:00.808204+00:00,531.1
uaf5,METOP-B,NOAA 21 (JPSS-2),2026-08-26T00:51:09.590204+00:00,2026-08-26T00:54:20.723346+00:00,191.1
uaf5,AQUA,SUOMI NPP,2026-08-26T01:29:02.135593+00:00,2026-08-26T01:33:10.339678+00:00,248.2
uaf5,METOP-SGA1,ARCTIC WEATHER SATELLITE,2026-08-26T02:05:11.886688+00:00,2026-08-26T02:05:42.445806+00:00,30.6
uaf5,METOP-SGA1,ARCTIC WEATHER SATELLITE,2026-08-26T03:38:17.396324+00:00,2026-08-26T03:44:56.130673+00:00,398.7
uaf5,ARCTIC WEATHER SATELLITE,METOP-SGA1,2026-08-26T05:12:40.899179+00:00,2026-08-26T05:20:46.638488+00:00,485.7
uaf5,ARCTIC WEATHER SATELLITE,METOP-SGA1,2026-08-26T06:52:58.610615+00:00,2026-08-26T06:56:41.973515+00:00,223.4
uaf5,METOP-C,NOAA 21 (JPSS-2),2026-08-26T09:32:30.058880+00:00,2026-08-26T09:35:52.196347+00:00,202.1
uaf5,SUOMI NPP,GCOM-W1 (SHIZUKU),2026-08-26T10:13:51.784586+00:00,2026-08-26T10:18:13.818691+00:00,262.0
uaf5,SUOMI NPP,GCOM-W1 (SHIZUKU),2026-08-26T11:51:20.916248+00:00,2026-08-26T12:01:11.686208+00:00,590.8
uaf5,SUOMI NPP,GCOM-W1 (SHIZUKU),2026-08-26T13:29:15.827934+00:00,2026-08-26T13:40:25.238063+00:00,669.4
uaf5,NOAA 21 (JPSS-2),AQUA,2026-08-26T14:43:50.301230+00:00,2026-08-26T14:44:25.853924+00:00,35.6
uaf5,GCOM-W1 (SHIZUKU),SUOMI NPP,2026-08-26T15:09:04.722427+00:00,2026-08-26T15:16:18.346347+00:00,433.6
uaf5,NOAA 21 (JPSS-2),AQUA,2026-08-26T16:21:24.667384+00:00,2026-08-26T16:22:20.352095+00:00,55.7
uaf5,GCOM-W1 (SHIZUKU),SUOMI NPP,2026-08-26T16:48:36.197541+00:00,2026-08-26T16:51:33.497203+00:00,177.3
